,bnf_presentation,bnf_chemical,pct,generic_presentation,category,brand_count,lowest_decile,quantity,price_per_dose,possible_savings
0,Influenza_Vac Inact 0.5ml Pfs,Influenza,13T,1404000H0AAAFAF,NP8,14,5.85,8259,9.91763716669,33561.56
1,Sucralfate_Enem 2g In 50ml,Sucralfate,03C,0107010S0AAAGAG,NP8,1,12.1664285714,60,256.497,14659.8342857
2,"Dalteparin Sod_Inj 25,000u/ml 0.72ml Pfs",Dalteparin Sodium,10Q,0208010L0AAAIAI,NP8,1,10.1638777082,110,137.408,13996.8534521
3,Influenza_Vac Inact 0.5ml Pfs,Influenza,05H,1404000H0AAAFAF,NP8,4,5.85,4850,9.1025,13843.35
4,Influenza_Vac Inact 0.5ml Pfs,Influenza,06K,1404000H0AAAFAF,NP8,8,5.85,5412,8.76780339043,13840.48
5,Influenza_Vac Inact 0.5ml Pfs,Influenza,06N,1404000H0AAAFAF,NP8,6,5.85,4802,9.02598765432,12611.88
6,Influenza_Vac Inact 0.5ml Pfs,Influenza,00P,1404000H0AAAFAF,NP8,3,5.85,3082,9.94,12605.38
7,Fluticasone/Salmeterol_Inh 250/25mcg120D,Fluticasone Propionate (Inh),13P,0302000N0AABGBG,C,13,44.61,848,59.4634685937,12580.02
8,Trientine Dihydroch_Cap 300mg,Trientine Dihydrochloride,07M,0908010S0AAACAC,NP8,2,22.9108000001,700,38.965,12340.4399999
9,Influenza_Vac Inact 0.5ml Pfs,Influenza,04C,1404000H0AAAFAF,NP8,5,5.85,2800,9.94,11452.0
10,Sod Phenylbut_Liq Spec 1.25g/5ml,Sodium Phenylbutyrate,11A,0908010P0AAAEAE,NP8,1,1.08841333333,2500,5.5635,11187.7166667
11,Influenza_Vac Inact 0.5ml Pfs,Influenza,01D,1404000H0AAAFAF,NP8,5,5.85,2853,9.64812171629,11002.12
12,Influenza_Vac Inact 0.5ml Pfs,Influenza,06T,1404000H0AAAFAF,NP8,8,5.85,8949,7.66545090326,10793.35
13,Melatonin_Tab 3mg,Melatonin,09G,0401010ADAABPBP,NP8,2,0.749107142857,552,19.2618478261,10219.0328571
14,Fluticasone/Salmeterol_Inh 250/25mcg120D,Fluticasone Propionate (Inh),09G,0302000N0AABGBG,C,17,44.61,677,59.3213867612,9962.9
15,Fluticasone/Salmeterol_Inh 250/25mcg120D,Fluticasone Propionate (Inh),01H,0302000N0AABGBG,C,12,44.61,639,59.48,9501.93
16,"Dalteparin Sod_Inj 25,000u/ml 0.6ml Pfs",Dalteparin Sodium,04C,0208010L0AAAHAH,NP8,2,8.46785714286,88,115.163964286,9389.25857143
17,Influenza_Vac Inact 0.5ml Pfs,Influenza,03W,1404000H0AAAFAF,NP8,6,5.85,7583,7.24624753886,8699.95
18,Co-Proxamol_Tab 32.5mg/325mg,Co-Proxamol (Dextroprop HCl/Paracet),11A,0407010Q0AAAAAA,NP8,4,0.704480519481,5800,2.49410492063,8670.09298701
19,Fluticasone/Salmeterol_Inh 250/25mcg120D,Fluticasone Propionate (Inh),02H,0302000N0AABGBG,C,9,44.61,579,59.4471017699,8594.86
20,Trientine Dihydroch_Cap 300mg,Trientine Dihydrochloride,06T,0908010S0AAACAC,NP8,1,22.9108000001,200,65.74,8565.83999999
21,Influenza_Vac Inact 0.5ml Pfs,Influenza,01E,1404000H0AAAFAF,NP8,5,5.85,2069,9.93284678541,8448.81
22,Sod Chlor_Liq Spec 292.5mg/5ml,Sodium Chloride,02N,0902012L0AABRBR,NP8,1,0.0613566666667,8000,1.1,8309.14666667
23,Fluticasone/Salmeterol_Inh 250/25mcg120D,Fluticasone Propionate (Inh),03Q,0302000N0AABGBG,C,12,44.61,713,56.0208064904,8133.89
24,Fluticasone/Salmeterol_Inh 250/25mcg120D,Fluticasone Propionate (Inh),06T,0302000N0AABGBG,C,11,44.61,542,59.4496530612,8044.67
25,Fluticasone/Salmeterol_Inh 250/25mcg120D,Fluticasone Propionate (Inh),01T,0302000N0AABGBG,C,13,44.61,532,59.3574450549,7851.36
26,Influenza_Vac Inact 0.5ml Pfs,Influenza,01H,1404000H0AAAFAF,NP8,4,5.85,3905,8.36586021505,7683.55
27,Influenza_Vac Inact 0.5ml Pfs,Influenza,09H,1404000H0AAAFAF,NP8,1,5.85,1771,9.94,7243.39
28,Fluticasone/Salmeterol_Inh 250/25mcg120D,Fluticasone Propionate (Inh),05X,0302000N0AABGBG,C,10,44.61,469,59.48,6974.03
29,Influenza_Vac Inact 0.5ml Pfs,Influenza,05A,1404000H0AAAFAF,NP8,3,5.85,1666,9.94,6813.94
30,Co-Proxamol_Tab 32.5mg/325mg,Co-Proxamol (Dextroprop HCl/Paracet),05Y,0407010Q0AAAAAA,NP8,1,0.704480519481,3672,2.55100762527,6780.44753247
31,Influenza_Vac Inact 0.5ml Pfs,Influenza,03J,1404000H0AAAFAF,NP8,4,5.85,1576,9.71425876011,6194.59
32,Influenza_Vac Inact 0.5ml Pfs,Influenza,07N,1404000H0AAAFAF,NP8,1,5.85,1500,9.94,6135.0
33,Influenza_Vac Inact 0.5ml Pfs,Influenza,10E,1404000H0AAAFAF,NP8,2,5.85,2756,8.265,6046.04
34,Influenza_Vac Inact 0.5ml Pfs,Influenza,02Y,1404000H0AAAFAF,NP8,1,5.85,1465,9.94,5991.85
35,Venlafaxine_Cap 75mg M/R,Venlafaxine,99D,0403040W0AAADAD,C,8,0.0928571428571,9267,0.723301535738,5937.17285714
36,Diazoxide_Oral Susp 250mg/5ml,Diazoxide,99J,0601040E0AABHBH,NP8,1,1.50603888889,360,17.9466666667,5918.626
37,Diazoxide_Oral Susp 250mg/5ml,Diazoxide,11M,0601040E0AABHBH,NP8,1,1.50603888889,300,21.022,5854.78833333
38,Trientine Dihydroch_Cap 300mg,Trientine Dihydrochloride,00D,0908010S0AAACAC,NP8,1,22.9108000001,200,52.1,5837.83999999
39,Venlafaxine_Cap 150mg M/R,Venlafaxine,99D,0403040W0AAAEAE,C,10,0.139287592231,5423,1.18925979028,5772.53338733
40,Methocarbamol_Tab 750mg,Methocarbamol,03T,1002020S0AAABAB,A,2,0.126517857143,14927,0.507190878399,5682.30794643
41,Morph Sulf_Intrasite Gel 0.1%,Morphine Sulfate,09D,0407020Q0AAFXFX,NP8,1,5.40619999998,280,25.2665,5560.884
42,Influenza_Vac Inact 0.5ml Pfs,Influenza,12F,1404000H0AAAFAF,NP8,2,5.85,2800,8.265,5512.45
43,Influenza_Vac Inact 0.5ml Pfs,Influenza,06H,1404000H0AAAFAF,NP8,3,5.85,1338,9.94,5472.42
44,Ins Hum_Inj 500u/ml 20ml Vl,Insulin Human,10J,0601011R0AAABAB,NP8,1,303.25,4,1662.85,5438.4
45,Co-Proxamol_Tab 32.5mg/325mg,Co-Proxamol (Dextroprop HCl/Paracet),02P,0407010Q0AAAAAA,NP8,2,0.704480519481,2704,2.6307677305,5368.94467532
46,Pregabalin_Cap 75mg,Pregabalin,03Q,0408010AEAAACAC,C,6,0.810894480519,15717,1.14972422062,5326.50144968
47,"Colecal_Tab 1,000u",Colecalciferol,07P,0906040G0AABGBG,C,6,0.00993720353841,37626,0.183018368652,5288.18277966
48,Venlafaxine_Cap 150mg M/R,Venlafaxine,11N,0403040W0AAAEAE,C,7,0.139287592231,5789,1.09898247767,5233.55412858
49,"Colecal_Tab 1,000u",Colecalciferol,01X,0906040G0AABGBG,C,1,0.00993720353841,5346,0.986571268238,5221.08570988
50,Sucralfate_Susp 1g/5ml S/F,Sucralfate,06L,0103030S0AAABAB,NP8,2,0.02544,3500,1.61510333333,5196.27
51,Budesonide/Formoterol Inh B/A 200/6(120D,Budesonide,03Q,0302000K0AAAMAM,C,7,29.97,653,37.9117582418,5195.41
52,Influenza_Vac Inact 0.5ml Pfs,Influenza,11N,1404000H0AAAFAF,NP8,2,5.85,3926,8.265,5035.84
53,Testosterone_Gel 2% (10mg per actuation),Testosterone,10J,0604020K0AABMBM,NP8,2,0.477833333333,1800,3.27083888889,5027.41
54,Aymes Shake_Pdr (Banana),Enteral Nutrition,06K,090402000BBUSA0,NP8,1,0.0122807017544,27329,0.192026784734,4912.28070175
55,Methocarbamol_Tab 750mg,Methocarbamol,03F,1002020S0AAABAB,A,3,0.126517857143,12721,0.507193343867,4842.57633929
56,Influenza_Vac Inact 0.5ml Pfs,Influenza,04J,1404000H0AAAFAF,NP8,4,5.85,4124,7.70666666667,4837.31
57,Co-Proxamol_Tab 32.5mg/325mg,Co-Proxamol (Dextroprop HCl/Paracet),10M,0407010Q0AAAAAA,NP8,1,0.704480519481,1372,4.22890670554,4835.51272727
58,Influenza_Vac Inact 0.5ml Pfs,Influenza,10Q,1404000H0AAAFAF,NP8,2,5.85,2623,8.265,4835.42
59,Influenza_Vac Inact 0.5ml Pfs,Influenza,06F,1404000H0AAAFAF,NP8,2,5.85,1177,9.94,4813.93
60,"Dalteparin Sod_Inj 25,000u/ml 0.6ml Pfs",Dalteparin Sodium,06H,0208010L0AAAHAH,NP8,1,8.46785714286,45,115.164,4801.32642857
61,Fluticasone/Salmeterol_Inh 250/25mcg120D,Fluticasone Propionate (Inh),06K,0302000N0AABGBG,C,9,44.61,375,57.2447974359,4758.4
62,Cyanocobalamin_Tab 1mg M/R,Cyanocobalamin,00Y,0901020D0AAAHAH,NP8,2,0.0781,4616,1.07965681414,4739.9804
63,Midazolam_Liq Spec 50mg/5ml,Midazolam Maleate,05A,0408020V0AAALAL,NP8,1,16.68,160,46.131375,4712.22
64,Trientine Dihydroch_Cap 300mg,Trientine Dihydrochloride,06L,0908010S0AAACAC,NP8,1,22.9108000001,600,30.734,4693.91999996
65,Vit E_Cap 400u,Vitamin E,08F,0906050P0AAAFAF,NP8,1,0.0593333333333,280,16.6913214286,4656.95666667
66,Influenza_Vac Inact 0.5ml Pfs,Influenza,04Y,1404000H0AAAFAF,NP8,3,5.85,1136,9.94,4646.24
67,"Dalteparin Sod_Inj 25,000u/ml 0.72ml Pfs",Dalteparin Sodium,06H,0208010L0AAAIAI,NP8,1,10.1638777082,116,49.6553448276,4581.01018584
68,Fluticasone/Salmeterol_Inh 250/25mcg120D,Fluticasone Propionate (Inh),00M,0302000N0AABGBG,C,8,44.61,317,59.0047776803,4579.96
69,Co-Proxamol_Tab 32.5mg/325mg,Co-Proxamol (Dextroprop HCl/Paracet),06N,0407010Q0AAAAAA,NP8,2,0.704480519481,2320,2.71742414422,4548.44519481
70,Influenza_Vac Inact 0.5ml Pfs,Influenza,04D,1404000H0AAAFAF,NP8,1,5.85,1105,9.94,4519.45
71,Influenza_Vac Inact 0.5ml Pfs,Influenza,09W,1404000H0AAAFAF,NP8,1,5.85,1104,9.94,4515.36
72,Influenza_Vac Inact 0.5ml Pfs,Influenza,08X,1404000H0AAAFAF,NP8,2,5.85,1091,9.94,4462.19
73,Galantamine_Oral Soln 20mg/5ml S/F,Galantamine,02P,0411000F0AAADAD,NP8,3,1.2,1400,4.37,4438.0
74,Sod Phenylbut_Liq Spec 1.25g/5ml,Sodium Phenylbutyrate,02N,0908010P0AAAEAE,NP8,1,1.08841333333,700,7.3995,4417.76066667
75,Methocarbamol_Tab 750mg,Methocarbamol,99P,1002020S0AAABAB,A,4,0.126517857143,11604,0.504635421168,4393.79678571
76,Neocate LCP_Pdr,Other Food For Special Diet Preps,07L,090401000BBNQA0,NP8,1,0.07075,59072,0.14372291441,4310.656
77,Homeopathic Preparation - Proprietary,Other Homeopathic Preps,11H,190203000BBAAA0,NP8,2,0.0382162162162,3774,5.63631739257,4309.682
78,Influenza_Vac Inact 0.5ml Pfs,Influenza,01V,1404000H0AAAFAF,NP8,3,5.85,1051,9.94,4298.59
79,Influenza_Vac Inact 0.5ml Pfs,Influenza,02T,1404000H0AAAFAF,NP8,3,5.85,1169,9.40428571429,4278.71
80,"Dalteparin Sod_Inj 25,000u/ml 0.4ml Pfs",Dalteparin Sodium,09G,0208010L0AAAFAF,NP8,2,5.646,88,59.5960862069,4266.962
81,"Dalteparin Sod_Inj 25,000u/ml 0.4ml Pfs",Dalteparin Sodium,08F,0208010L0AAAFAF,NP8,1,5.646,60,76.762,4266.96
82,Methocarbamol_Tab 750mg,Methocarbamol,01X,1002020S0AAABAB,A,2,0.126517857143,11186,0.507196115523,4258.27125
83,Budesonide/Formoterol Inh B/A 200/6(120D,Budesonide,00K,0302000K0AAAMAM,C,8,29.97,535,37.8890742615,4239.84
84,Influenza_Vac Inact 0.5ml Pfs,Influenza,01J,1404000H0AAAFAF,NP8,3,5.85,1605,8.90505258545,4202.7
85,Fluticasone/Salmeterol_Inh 250/25mcg120D,Fluticasone Propionate (Inh),06Q,0302000N0AABGBG,C,7,44.61,283,59.4180416667,4193.34
86,Methocarbamol_Tab 750mg,Methocarbamol,06H,1002020S0AAABAB,A,2,0.126517857143,10984,0.50719836555,4181.39785714
87,Sod Chlor_Liq Spec 585mg/5ml,Sodium Chloride,09E,0902012L0AABXBX,NP8,1,0.630969999998,600,7.571,4164.018
88,Tacrolimus_Liq Spec 5mg/5ml,Tacrolimus,03C,0802020T0AAALAL,NP8,1,2.57736,200,23.32955,4150.438
89,Ins Hum_Inj 500u/ml 20ml Vl,Insulin Human,03N,0601011R0AAABAB,NP8,2,303.25,6,994.965,4150.29
90,Venlafaxine_Cap 150mg M/R,Venlafaxine,11J,0403040W0AAAEAE,C,4,0.139287592231,5156,0.949816708004,4095.43317446
91,Methocarbamol_Tab 750mg,Methocarbamol,06K,1002020S0AAABAB,A,4,0.126517857143,10850,0.504402829503,4092.23125
92,Budesonide/Formoterol Inh B/A 200/6(120D,Budesonide,03W,0302000K0AAAMAM,C,9,29.97,535,37.577392368,4071.21
93,Co-Proxamol_Tab 32.5mg/325mg,Co-Proxamol (Dextroprop HCl/Paracet),01E,0407010Q0AAAAAA,NP8,3,0.704480519481,1908,2.8611535227,4060.18116883
94,Ins Hum_Inj 500u/ml 20ml Vl,Insulin Human,07K,0601011R0AAABAB,NP8,2,303.25,4,1312.565,4037.26
95,"Dalteparin Sod_Inj 25,000u/ml 0.4ml Pfs",Dalteparin Sodium,07M,0208010L0AAAFAF,NP8,1,5.646,56,76.7619642857,3982.494
96,Influenza_Vac Inact 0.5ml Pfs,Influenza,05R,1404000H0AAAFAF,NP8,4,5.85,4049,7.55799802761,3977.81
97,Influenza_Vac Inact 0.5ml Pfs,Influenza,10R,1404000H0AAAFAF,NP8,3,5.85,5365,6.59,3970.1
98,Tramadol HCl_Tab 100mg M/R,Tramadol Hydrochloride,01A,040702040AAACAC,NP8,3,0.115666666667,8210,0.675386953397,3963.41666667
99,Influenza_Vac Inact 0.5ml Pfs,Influenza,03L,1404000H0AAAFAF,NP8,3,5.85,5344,6.59,3954.56
100,Sod Chlor_Neb Soln 7% 5ml Btl,Sodium Chloride,08M,1202020L0AACDCD,NP8,1,6.08700000005,30,137.767333333,3950.41
101,Metolazone_Tab 2.5mg,Metolazone,08M,0202010V0AAANAN,NP8,2,0.634338235294,144,61.0560967742,3941.49529412
102,Methocarbamol_Tab 750mg,Methocarbamol,02T,1002020S0AAABAB,A,2,0.126517857143,10304,0.507187320083,3922.41
103,Influenza_Vac Inact 0.5ml Pfs,Influenza,99C,1404000H0AAAFAF,NP8,2,5.85,2234,8.265,3921.11
104,Fluticasone/Salmeterol_Inh 250/25mcg120D,Fluticasone Propionate (Inh),01X,0302000N0AABGBG,C,8,44.61,302,57.2546792792,3821.59
105,Ubidecarenone_Oral Dps 5mg/ml,Other Enzyme Preps 0911020,03C,091102000AABDBD,NP8,1,1.16999999999,1000,4.9269,3756.90000001
106,Phenobarb_Liq Spec 50mg/5ml,Phenobarbital,10H,0408010N0AACLCL,NP8,1,0.4555,2250,2.1112,3725.325
107,Influenza_Vac Inact 0.5ml Pfs,Influenza,99G,1404000H0AAAFAF,NP8,1,5.85,909,9.94,3717.81
108,Sod Benz_Liq Spec 1g/5ml,Sodium Benzoate,03N,0908010N0AAAIAI,NP8,1,0.680953000002,2000,2.5376,3713.294
109,Dexamfet Sulf/Amfet_Cap 15mg/15mg M/R,Dexamfetamine Sulfate,08H,0404000L0AAAYAY,NP8,1,11.2844833335,180,31.8448333333,3700.86299998
110,Fluticasone/Salmeterol_Inh 250/25mcg120D,Fluticasone Propionate (Inh),99H,0302000N0AABGBG,C,4,44.61,248,59.48,3687.76
111,Methocarbamol_Tab 750mg,Methocarbamol,00D,1002020S0AAABAB,A,3,0.126517857143,9861,0.500673326357,3677.67741071
112,Fluticasone/Salmeterol_Inh 250/25mcg120D,Fluticasone Propionate (Inh),03C,0302000N0AABGBG,C,7,44.61,247,59.4209920635,3658.02
113,Influenza_Vac Inact 0.5ml Pfs,Influenza,07V,1404000H0AAAFAF,NP8,1,5.85,886,9.94,3623.74
114,Influenza_Vac Inact 0.5ml Pfs,Influenza,01K,1404000H0AAAFAF,NP8,2,5.85,4859,6.59,3595.66
115,"Dalteparin Sod_Inj 25,000u/ml 0.72ml Pfs",Dalteparin Sodium,09G,0208010L0AAAIAI,NP8,1,10.1638777082,56,73.7889285714,3563.00284834
116,Liq Paraf 50%/Emulsif 50%_Oint,Other Emollient Preps,02V,130201000AACPCP,NP8,1,0.00944400000002,4000,0.9,3562.224
117,Pregabalin_Cap 75mg,Pregabalin,02Q,0408010AEAAACAC,C,4,0.810894480519,10395,1.14907283919,3517.771875
118,Sod Bicarb_Liq Spec 50mg/5ml,Sodium Bicarbonate,06N,0101012B0AABSBS,NP8,1,0.00958620689655,2835,1.24466666667,3501.45310345
119,Pregabalin_Cap 75mg,Pregabalin,03T,0408010AEAAACAC,C,5,0.810894480519,10500,1.14499963722,3496.84795455
120,Influenza_Vac Inact 0.5ml Pfs,Influenza,06V,1404000H0AAAFAF,NP8,2,5.85,4724,6.59,3495.76
121,Dextrometh Hydrob_Oral Susp 30mg/5ml,Dextromethorphan Hydrobromide,99J,0309010L0AAAHAH,NP8,1,0.761100632022,1780,2.71818539326,3483.610875
122,Levothyrox Sod_Tab 25mcg,Levothyroxine Sodium,06Q,0602010V0AABWBW,M,3,0.0964284010111,22955,0.26811701202,3474.94605479
123,St Mark's_Oral Rehydration Pdrs 26g,Oral Rehydration Salts,06M,0902012H0AAAKAK,NP8,2,2.16575000004,105,36.840952381,3444.35625
124,Phenobarb_Liq Spec 50mg/5ml,Phenobarbital,07Y,0408010N0AACLCL,NP8,1,0.4555,2550,1.79278431373,3410.075
125,PaediaSure Fibre_Liq (3 Flav),Enteral Nutrition,99M,090402000BBJKA0,NP8,1,0.013,57856,0.0719026548673,3407.872
126,Influenza_Vac Inact 0.5ml Pfs,Influenza,04V,1404000H0AAAFAF,NP8,3,5.85,2332,8.2449,3380.58
127,Calogen_Emuls (Sbery),Other Food For Special Diet Preps,09G,090401000BBJGA0,NP8,1,0.02144,29036,0.13768976443,3375.42816
128,Sucralfate_Enem 2g In 20ml,Sucralfate,07Y,0107010S0AAABAB,NP8,1,11.70975,20,180.0,3365.805
129,Tacrolimus_Liq Spec 5mg/5ml,Tacrolimus,00C,0802020T0AAALAL,NP8,1,2.57736,360,11.9129166667,3360.8004
130,Ins Hum_Inj 500u/ml 20ml Vl,Insulin Human,05L,0601011R0AAABAB,NP8,2,303.25,11,670.66,3340.41
131,Co-Proxamol_Tab 32.5mg/325mg,Co-Proxamol (Dextroprop HCl/Paracet),07X,0407010Q0AAAAAA,NP8,2,0.704480519481,940,4.20951136364,3270.18831169
132,Influenza_Vac Inact 0.5ml Pfs,Influenza,02A,1404000H0AAAFAF,NP8,2,5.85,2341,8.265,3269.99
133,Calogen Extra_Emuls (2 Flav),Other Food For Special Diet Preps,09G,090401000BBNZA0,NP8,1,0.0249,49328,0.0910630879014,3263.6928
134,Sod Chlor_I/V Inf 0.9% 1L,Sodium Chloride,13T,0902021S0AAAZAZ,NP8,2,1.67,70,47.7865714286,3228.16
135,Budesonide/Formoterol Inh B/A 200/6(120D,Budesonide,02X,0302000K0AAAMAM,C,6,29.97,444,37.209778672,3228.06
136,Influenza_Vac Inact 0.5ml Pfs,Influenza,00Q,1404000H0AAAFAF,NP8,3,5.85,1197,8.79743519782,3220.73
137,Melatonin_Tab 3mg,Melatonin,04D,0401010ADAABPBP,NP8,3,0.749107142857,2910,1.85336217792,3214.51821429
138,Mexiletine HCl_Cap 50mg,Mexiletine Hydrochloride,06T,0203020P0AAAAAA,NP8,1,0.94,292,11.9457534247,3213.68
139,Midazolam_Liq Spec 50mg/5ml,Midazolam Maleate,99D,0408020V0AAALAL,NP8,1,16.68,120,43.411,3207.72
140,"Dalteparin Sod_Inj 25,000u/ml 0.6ml Pfs",Dalteparin Sodium,06F,0208010L0AAAHAH,NP8,1,8.46785714286,96,41.8105208333,3200.89571429
141,"Dalteparin Sod_Inj 25,000u/ml 0.6ml Pfs",Dalteparin Sodium,99J,0208010L0AAAHAH,NP8,1,8.46785714286,30,115.164,3200.88428571
142,"Dalteparin Sod_Inj 25,000u/ml 0.6ml Pfs",Dalteparin Sodium,09G,0208010L0AAAHAH,NP8,1,8.46785714286,58,63.6555172414,3200.88428571
143,Influenza_Vac Inact 0.5ml Pfs,Influenza,06P,1404000H0AAAFAF,NP8,2,5.85,779,9.94,3186.11
144,Influenza_Vac Inact 0.5ml Pfs,Influenza,07M,1404000H0AAAFAF,NP8,1,5.85,778,9.94,3182.02
145,"Dalteparin Sod_Inj 25,000u/ml 0.72ml Pfs",Dalteparin Sodium,03M,0208010L0AAAIAI,NP8,3,10.1638777082,125,82.0879130435,3181.26528647
146,"Colecal_Cap 2,200u (Old)",Colecalciferol,13P,0906040G0AABEBE,NP8,1,0.246,200,16.1371,3178.22
147,Budesonide/Formoterol Inh B/A 200/6(120D,Budesonide,99D,0302000K0AAAMAM,C,6,29.97,403,37.800093279,3155.79
148,Ubidecarenone_Oral Soln 25mg/5ml,Other Enzyme Preps 0911020,03G,091102000AABKBK,NP8,1,0.266100000001,700,4.7106,3111.15
149,Sucralfate_Tab 1g,Sucralfate,99C,0103030S0AAAAAA,NP8,1,0.127142857143,224,14.0106696429,3109.91
150,Melatonin_Cap 2mg,Melatonin,06A,0401010ADAAAEAE,NP8,2,0.709979041916,1226,3.38270752097,3108.47569461
151,Influenza_Vac Inact 0.5ml Pfs,Influenza,06L,1404000H0AAAFAF,NP8,2,5.85,760,9.94,3108.4
152,Pregabalin_Cap 75mg,Pregabalin,13P,0408010AEAAACAC,C,2,0.810894480519,9181,1.14902298225,3104.35777435
153,Influenza_Vac Inact 0.5ml Pfs,Influenza,02H,1404000H0AAAFAF,NP8,3,5.85,2152,8.265,3099.98
154,Fluticasone/Salmeterol_Inh 250/25mcg120D,Fluticasone Propionate (Inh),00L,0302000N0AABGBG,C,4,44.61,208,59.48,3092.96
155,Pregabalin_Cap 75mg,Pregabalin,06V,0408010AEAAACAC,C,3,0.810894480519,9032,1.15,3062.80105195
156,Bisacodyl_Enema 10mg,Bisacodyl,03R,0106020C0AAAJAJ,NP8,3,0.294107142857,221,18.7904610656,3050.25232143
157,Oxandrolone_Tab 2.5mg,Oxandrolone,06A,0604030P0AAABAB,NP8,1,7.26778571427,224,20.8712053571,3047.166
158,Ubidecarenone_Oral Soln 25mg/5ml,Other Enzyme Preps 0911020,03H,091102000AABKBK,NP8,1,0.266100000001,400,7.8756,3043.8
159,"Colecal_Tab 1,000u",Colecalciferol,03K,0906040G0AABGBG,C,3,0.00993720353841,5338,0.618840688655,3035.24520751
160,Influenza_Vac Inact 0.5ml Pfs,Influenza,13P,1404000H0AAAFAF,NP8,2,5.85,2517,8.265,3035.08
161,Fluticasone/Salmeterol_Inh 250/25mcg120D,Fluticasone Propionate (Inh),05N,0302000N0AABGBG,C,4,44.61,204,59.48,3033.48
162,Venlafaxine_Cap 150mg M/R,Venlafaxine,06Y,0403040W0AAAEAE,C,3,0.139287592231,4787,0.777082987505,3011.22029599
163,Fluticasone/Salmeterol_Inh 250/25mcg120D,Fluticasone Propionate (Inh),05L,0302000N0AABGBG,C,5,44.61,204,59.3383809524,3003.74
164,"Dalteparin Sod_Inj 25,000u/ml 0.6ml Pfs",Dalteparin Sodium,07N,0208010L0AAAHAH,NP8,1,8.46785714286,28,115.163928571,2987.49
165,"Dalteparin Sod_Inj 25,000u/ml 0.6ml Pfs",Dalteparin Sodium,12D,0208010L0AAAHAH,NP8,1,8.46785714286,28,115.163928571,2987.49
166,"Dalteparin Sod_Inj 25,000u/ml 0.4ml Pfs",Dalteparin Sodium,05G,0208010L0AAAFAF,NP8,1,5.646,42,76.7621428571,2986.878
167,Fluticasone/Salmeterol_Inh 125/25mcg120D,Fluticasone Propionate (Inh),13P,0302000N0AABFBF,C,5,26.25,342,34.9555837563,2975.0
168,Sod Phenylbut_Liq Spec 1.25g/5ml,Sodium Phenylbutyrate,09E,0908010P0AAAEAE,NP8,1,1.08841333333,500,7.03054,2971.06333333
169,Tramadol HCl_Tab 100mg M/R,Tramadol Hydrochloride,02R,040702040AAACAC,NP8,2,0.115666666667,4168,0.888625604912,2967.93133333
170,Bisacodyl_Enema 10mg,Bisacodyl,11M,0106020C0AAAJAJ,NP8,1,0.294107142857,90,33.2526666667,2966.27035714
171,Fluticasone/Salmeterol_Inh 250/25mcg120D,Fluticasone Propionate (Inh),01K,0302000N0AABGBG,C,5,44.61,239,57.5234210526,2959.13
172,Venlafaxine_Cap 150mg M/R,Venlafaxine,10J,0403040W0AAAEAE,C,4,0.139287592231,5803,0.670773754605,2936.28410228
173,Mag Glycerophos_Tab 97.2mg,Magnesium Glycerophosphate,99G,0905013G0AAA2A2,NP8,1,0.764035714286,1344,2.94427083333,2930.236
174,Fluticasone/Salmeterol_Inh 125/25mcg120D,Fluticasone Propionate (Inh),01H,0302000N0AABFBF,C,4,26.25,334,35.0,2922.5
175,Glycopyrronium Brom_Tab 1mg,Glycopyrronium Bromide,99P,0102000L0AAACAC,NP8,1,7.16095238095,400,14.4628,2920.73904762
176,Bisacodyl_Enema 10mg,Bisacodyl,02R,0106020C0AAAJAJ,NP8,2,0.294107142857,94,33.377109375,2918.62392857
177,Homeopathic Preparation - Proprietary,Other Homeopathic Preps,99A,190203000BBAAA0,NP8,1,0.0382162162162,330,8.86275757576,2912.09864865
178,Venlafaxine_Cap 150mg M/R,Venlafaxine,02Y,0403040W0AAAEAE,C,3,0.139287592231,2817,1.16576144835,2891.57685269
179,Fluticasone/Salmeterol_Inh 250/25mcg120D,Fluticasone Propionate (Inh),03L,0302000N0AABGBG,C,4,44.61,194,59.48,2884.78
180,Bisacodyl_Enema 10mg,Bisacodyl,07R,0106020C0AAAJAJ,NP8,1,0.294107142857,60,48.31,2880.95357143
181,Sod Phenylbut_Cap 500mg,Sodium Phenylbutyrate,01A,0908010P0AAACAC,NP8,1,1.972,450,8.34513333333,2867.91
182,Sucralfate_Tab 1g,Sucralfate,06F,0103030S0AAAAAA,NP8,1,0.127142857143,560,5.23896428571,2862.62
183,Galantamine_Oral Soln 20mg/5ml S/F,Galantamine,05V,0411000F0AAADAD,NP8,1,1.2,900,4.37,2853.0
184,"Dalteparin Sod_Inj 25,000u/ml 0.4ml Pfs",Dalteparin Sodium,09E,0208010L0AAAFAF,NP8,1,5.646,40,76.762,2844.64
185,Influenza_Vac Inact 0.5ml Pfs,Influenza,06M,1404000H0AAAFAF,NP8,2,5.85,3830,6.59,2834.2
186,Cyanocobalamin_Tab 1mg,Cyanocobalamin,11H,0901020D0AAAFAF,NP8,1,0.0873226190476,112,25.0972321429,2801.10986667
187,Influenza_Vac Inact 0.5ml Pfs,Influenza,00R,1404000H0AAAFAF,NP8,2,5.85,3781,6.59,2797.94
188,Influenza_Vac Inact 0.5ml Pfs,Influenza,00N,1404000H0AAAFAF,NP8,1,5.85,683,9.94,2793.47
189,Methocarbamol_Tab 750mg,Methocarbamol,03R,1002020S0AAABAB,A,2,0.126517857143,7428,0.502073236403,2789.62535714
190,Colecal_Cap 400u,Colecalciferol,00M,0906040G0AABIBI,NP8,1,0.111,4927,0.676322305663,2785.343
191,Praziquantel_Tab 500mg,Praziquantel,03A,0505050P0AAABAB,NP8,1,3.47,90,34.3707777778,2781.07
192,Sucralfate_Tab 1g,Sucralfate,07Q,0103030S0AAAAAA,NP8,1,0.127142857143,200,14.01065,2776.70142857
193,Midazolam_Liq Spec 50mg/5ml,Midazolam Maleate,11M,0408020V0AAALAL,NP8,1,16.68,105,43.0796190476,2771.96
194,Morph Sulf_Intrasite Gel 0.2%,Morphine Sulfate,11N,0407020Q0AAFYFY,NP8,1,3.08549999998,200,16.905,2763.9
195,Influenza_Vac Inact 0.5ml Pfs,Influenza,05D,1404000H0AAAFAF,NP8,1,5.85,674,9.94,2756.66
196,Influenza_Vac Inact 0.5ml Pfs,Influenza,04R,1404000H0AAAFAF,NP8,2,5.85,1994,7.23177532598,2755.26
197,Levothyrox/Liothyronine_Tab 73mcg/17mcg,Levothyroxine Sodium & Liothyronine,99J,0602010Z0AAAIAI,NP8,2,1.74995999999,836,5.29696071429,2750.39344001
198,Bisacodyl_Enema 10mg,Bisacodyl,02V,0106020C0AAAJAJ,NP8,2,0.294107142857,54,51.0190740741,2739.14821429
199,Influenza_Vac Inact 0.5ml Pfs,Influenza,02N,1404000H0AAAFAF,NP8,2,5.85,669,9.89994020927,2709.41
200,Ethinylestr_Tab 2mcg,Ethinylestradiol,03C,0604011D0AAALAL,NP8,1,2.0,112,26.1803571429,2708.2
201,Bisacodyl_Enema 10mg,Bisacodyl,09H,0106020C0AAAJAJ,NP8,2,0.294107142857,44,67.66,2704.73928571
202,Bisacodyl_Enema 10mg,Bisacodyl,06N,0106020C0AAAJAJ,NP8,2,0.294107142857,250,22.7880203555,2700.64321429
203,Ins Hum_Inj 500u/ml 20ml Vl,Insulin Human,04J,0601011R0AAABAB,NP8,1,303.25,5,841.89,2693.2
204,Ethinylestr_Tab 2mcg,Ethinylestradiol,04E,0604011D0AAALAL,NP8,1,2.0,400,8.7311,2692.44
205,Budesonide/Formoterol Inh B/A 400/12(60D,Budesonide,00K,0302000K0AAAUAU,C,3,29.97,335,38.0,2690.05
206,"Dalteparin Sod_Inj 25,000u/ml 0.5ml Pfs",Dalteparin Sodium,10A,0208010L0AAAGAG,NP8,1,7.05785714286,90,36.7013333333,2667.91285714
207,"Dalteparin Sod_Inj 25,000u/ml 0.5ml Pfs",Dalteparin Sodium,02A,0208010L0AAAGAG,NP8,1,7.05785714286,60,51.523,2667.90857143
208,"Dalteparin Sod_Inj 25,000u/ml 0.5ml Pfs",Dalteparin Sodium,06N,0208010L0AAAGAG,NP8,1,7.05785714286,60,51.523,2667.90857143
209,Sucralfate_Tab 1g,Sucralfate,01R,0103030S0AAAAAA,NP8,1,0.127142857143,448,6.04488839286,2651.15
210,Budesonide/Formoterol Inh B/A 200/6(120D,Budesonide,03T,0302000K0AAAMAM,C,5,29.97,335,37.8500010798,2641.87
211,Phenobarb_Liq Spec 50mg/5ml,Phenobarbital,07W,0408010N0AACLCL,NP8,1,0.4555,600,4.85146666667,2637.58
212,Ramipril_Liq Spec 5mg/5ml,Ramipril,03M,0205051R0AAAEAE,NP8,1,0.546666666666,750,4.06092,2635.69
213,Metformin HCl_Liq Spec 500mg/5ml,Metformin Hydrochloride,08D,0601022B0AAAIAI,NP8,1,0.104349047619,4200,0.72875,2622.484
214,Budesonide/Formoterol Inh B/A 200/6(120D,Budesonide,04Q,0302000K0AAAMAM,C,6,29.97,365,37.1529917417,2617.78
215,Fluticasone/Salmeterol_Inh 250/25mcg120D,Fluticasone Propionate (Inh),06D,0302000N0AABGBG,C,5,44.61,177,59.3858860759,2617.12
216,Methocarbamol_Tab 750mg,Methocarbamol,06W,1002020S0AAABAB,A,2,0.126517857143,6818,0.50718987436,2595.42125
217,Fluticasone/Salmeterol_Inh 250/25mcg120D,Fluticasone Propionate (Inh),02A,0302000N0AABGBG,C,4,44.61,174,59.48,2587.38
218,Trientine Dihydroch_Cap 300mg,Trientine Dihydrochloride,99N,0908010S0AAACAC,NP8,1,22.9108000001,100,48.75,2583.91999999
219,"Colecal_Tab 1,000u",Colecalciferol,00T,0906040G0AABGBG,C,1,0.00993720353841,1272,2.04052672956,2582.9098771
220,Fluticasone/Salmeterol_Inh 250/25mcg120D,Fluticasone Propionate (Inh),05V,0302000N0AABGBG,C,5,44.61,172,59.3870625,2542.77
221,Galantamine_Oral Soln 20mg/5ml S/F,Galantamine,05N,0411000F0AAADAD,NP8,3,1.2,1000,3.84166666667,2536.0
222,Fluticasone/Salmeterol_Inh 250/25mcg120D,Fluticasone Propionate (Inh),02V,0302000N0AABGBG,C,4,44.61,170,59.48,2527.9
223,"Colecal_Tab 1,000u",Colecalciferol,04L,0906040G0AABGBG,C,2,0.00993720353841,3636,0.704735973597,2526.28832793
224,Fluticasone/Salmeterol_Inh 250/25mcg120D,Fluticasone Propionate (Inh),01V,0302000N0AABGBG,C,4,44.61,169,59.48,2513.03
225,Midazolam_Liq Spec 50mg/5ml,Midazolam Maleate,09W,0408020V0AAALAL,NP8,1,16.68,120,37.574,2507.28
226,"Dalteparin Sod_Inj 25,000u/ml 0.5ml Pfs",Dalteparin Sodium,07R,0208010L0AAAGAG,NP8,1,7.05785714286,28,95.9878571429,2490.04
227,"Dalteparin Sod_Inj 25,000u/ml 0.5ml Pfs",Dalteparin Sodium,05G,0208010L0AAAGAG,NP8,1,7.05785714286,56,51.5228571429,2490.04
228,Methocarbamol_Tab 750mg,Methocarbamol,03H,1002020S0AAABAB,A,2,0.126517857143,6527,0.507186486254,2484.61794643
229,Budesonide/Formoterol Inh B/A 200/6(120D,Budesonide,99P,0302000K0AAAMAM,C,6,29.97,359,36.9115406071,2481.27
230,Diazoxide_Oral Susp 250mg/5ml,Diazoxide,10D,0601040E0AABHBH,NP8,1,1.50603888889,300,9.776,2480.98833333
231,Diazoxide_Oral Susp 250mg/5ml,Diazoxide,07P,0601040E0AABHBH,NP8,1,1.50603888889,300,9.776,2480.98833333
232,Methocarbamol_Tab 750mg,Methocarbamol,03K,1002020S0AAABAB,A,2,0.126517857143,6496,0.507193646192,2472.87
233,Co-Proxamol_Tab 32.5mg/325mg,Co-Proxamol (Dextroprop HCl/Paracet),10W,0407010Q0AAAAAA,NP8,2,0.704480519481,3084,1.58050511783,2472.74207792
234,Venlafaxine_Cap 150mg M/R,Venlafaxine,06W,0403040W0AAAEAE,C,3,0.139287592231,4900,0.642136210142,2468.31079807
235,Atorvastatin_Tab 20mg,Atorvastatin,05N,0212000B0AAABAB,M,2,0.038903108879,3612,0.72188538206,2466.93197073
236,Influenza_Vac Inact 0.5ml Pfs,Influenza,07J,1404000H0AAAFAF,NP8,1,5.85,3313,6.59,2451.62
237,Sod Bicarb_Liq Spec 420mg/5ml,Sodium Bicarbonate,03K,0101012B0AAAUAU,NP8,1,0.20366,1000,2.625,2421.34
238,Nutrini Peptisorb_Liq,Enteral Nutrition,05A,090402000BBRJA0,NP8,1,0.02132,9072,0.286710758377,2407.62496
239,Influenza_Vac Inact 0.5ml Pfs,Influenza,05Q,1404000H0AAAFAF,NP8,2,5.85,3252,6.59,2406.48
240,Melatonin_Tab 3mg,Melatonin,07N,0401010ADAABPBP,NP8,2,0.749107142857,270,9.58737037037,2386.33107143
241,Fluticasone/Salmeterol_Inh 250/25mcg120D,Fluticasone Propionate (Inh),00P,0302000N0AABGBG,C,4,44.61,160,59.48,2379.2
242,Co-Proxamol_Tab 32.5mg/325mg,Co-Proxamol (Dextroprop HCl/Paracet),07J,0407010Q0AAAAAA,NP8,1,0.704480519481,724,3.98604972376,2375.8561039
243,Atorvastatin_Tab 20mg,Atorvastatin,11A,0212000B0AAABAB,M,2,0.038903108879,11601,0.24225325403,2359.0650339
244,Tacrolimus_Liq Spec 2.5mg/5ml,Tacrolimus,09G,0802020T0AAAGAG,NP8,1,0.995539999999,400,6.89,2357.784
245,Influenza_Vac Inact 0.5ml Pfs,Influenza,11D,1404000H0AAAFAF,NP8,3,5.85,3166,6.59,2342.84
246,Pregabalin_Cap 75mg,Pregabalin,01F,0408010AEAAACAC,C,4,0.810894480519,6888,1.15,2335.75881818
247,Demeclocycline HCl_Cap 150mg,Demeclocycline Hydrochloride,05T,0501030F0AAAAAA,C,1,5.74607142857,424,11.2278066038,2324.25571429
248,Mercaptamine HCl_Eye Dps 0.55%,Mercaptamine Hydrochloride,02Y,1108010A0AAACAC,NP8,1,2.879,80,31.896,2321.36
249,Quetiapine_Oral Soln 12.5mg/5ml,Quetiapine,08M,0402010ABAAAIAI,NP8,1,0.205833333333,2500,1.13372,2319.71666667
250,Mercaptamine HCl_Eye Dps 0.5%,Mercaptamine Hydrochloride,02N,1108010A0AAAAAA,NP8,1,3.0725,80,31.844,2301.72
251,Levomeprom Mal_Tab 6mg,Levomepromazine Maleate,01W,0402010K0AAAMAM,NP8,1,1.19642857143,328,8.18021341463,2290.68142857
252,Oxybutynin HCl_Oral Soln 2.5mg/5ml,Oxybutynin,08X,0704020J0AAAIAI,NP8,1,0.0458666666667,600,3.85333333333,2284.48
253,Influenza_Vac Inact 0.5ml Pfs,Influenza,10T,1404000H0AAAFAF,NP8,1,5.85,554,9.94,2265.86
254,Diazoxide_Oral Susp 250mg/5ml,Diazoxide,09H,0601040E0AABHBH,NP8,1,1.50603888889,270,9.776,2232.8895
255,Hydralazine HCl_Liq Spec 10mg/5ml,Hydralazine Hydrochloride,02N,0205010J0AAA3A3,NP8,1,0.682864,400,6.263125,2232.1044
256,Colecal_Cap 400u,Colecalciferol,03C,0906040G0AABIBI,NP8,2,0.111,1844,1.32123644252,2231.676
257,Influenza_Vac Inact 0.5ml Pfs,Influenza,11A,1404000H0AAAFAF,NP8,1,5.85,545,9.94,2229.05
258,Nabilone_Cap 250mcg,Nabilone,00D,0406000R0AAAGAG,NP8,1,9.25,240,18.5,2220.0
259,Influenza_Vac Inact 0.5ml Pfs,Influenza,04L,1404000H0AAAFAF,NP8,1,5.85,542,9.94,2216.78
260,Nabilone_Cap 250mcg,Nabilone,03C,0406000R0AAAGAG,NP8,1,9.25,160,23.0555,2208.88
261,Fluticasone/Salmeterol_Inh 250/25mcg120D,Fluticasone Propionate (Inh),08L,0302000N0AABGBG,C,2,44.61,148,59.48,2200.76
262,Fluticasone/Salmeterol_Inh 250/25mcg120D,Fluticasone Propionate (Inh),02F,0302000N0AABGBG,C,3,44.61,149,59.2804026846,2185.89
263,Oxycodone HCl_Tab 80mg M/R,Oxycodone Hydrochloride,03A,0407020ADAAAIAI,C,2,1.78910714286,1209,3.57840363937,2163.25946429
264,Levothyrox/Liothyronine_Tab 38mcg/9mcg,Levothyroxine Sodium & Liothyronine,06T,0602010Z0AAABAB,NP8,2,0.77768,1704,2.04649647887,2162.06328
265,Mexiletine HCl_Cap 50mg,Mexiletine Hydrochloride,03G,0203020P0AAAAAA,NP8,1,0.94,672,4.15300595238,2159.14
266,Methocarbamol_Tab 750mg,Methocarbamol,01H,1002020S0AAABAB,A,1,0.126517857143,5640,0.507196808511,2147.02928571
267,Co-Proxamol_Tab 32.5mg/325mg,Co-Proxamol (Dextroprop HCl/Paracet),12D,0407010Q0AAAAAA,NP8,1,0.704480519481,548,4.61350364964,2142.14467532
268,Primidone_Oral Susp 250mg/5ml        @gn,Primidone,08M,0408010U0AAAMAM,NP8,1,0.758488,460,5.40106521739,2135.58552
269,"Dalteparin Sod_Inj 25,000u/ml 0.2ml Pfs",Dalteparin Sodium,07M,0208010L0AAABAB,NP8,1,2.82285714286,60,38.381,2133.48857143
270,"Dalteparin Sod_Inj 25,000u/ml 0.2ml Pfs",Dalteparin Sodium,08X,0208010L0AAABAB,NP8,1,2.82285714286,60,38.381,2133.48857143
271,"Dalteparin Sod_Inj 25,000u/ml 0.4ml Pfs",Dalteparin Sodium,04C,0208010L0AAAFAF,NP8,2,5.646,90,29.3513333333,2133.48
272,"Dalteparin Sod_Inj 25,000u/ml 0.4ml Pfs",Dalteparin Sodium,06F,0208010L0AAAFAF,NP8,1,5.646,30,76.762,2133.48
273,"Dalteparin Sod_Inj 25,000u/ml 0.4ml Pfs",Dalteparin Sodium,10Q,0208010L0AAAFAF,NP8,1,5.646,30,76.762,2133.48
274,"Dalteparin Sod_Inj 25,000u/ml 0.4ml Pfs",Dalteparin Sodium,00R,0208010L0AAAFAF,NP8,1,5.646,60,41.204,2133.48
275,Fosfomycin Trometamol_Sach 3g,Fosfomycin Trometamol,07Q,0501130D0AAADAD,NP8,1,4.86,30,75.45,2117.7
276,Liothyronine Sod_Tab 5mcg,Liothyronine Sodium,11A,0602010M0AAADAD,NP8,1,2.4624,224,11.8809821429,2109.7624
277,Influenza_Vac Inact 0.5ml Pfs,Influenza,00X,1404000H0AAAFAF,NP8,1,5.85,514,9.94,2102.26
278,Co-Proxamol_Tab 32.5mg/325mg,Co-Proxamol (Dextroprop HCl/Paracet),11J,0407010Q0AAAAAA,NP8,1,0.704480519481,600,4.20186666667,2098.43168831
279,Methocarbamol_Tab 750mg,Methocarbamol,03C,1002020S0AAABAB,A,2,0.126517857143,5603,0.50038907728,2094.80044643
280,Levamisole HCl_Tab 50mg,Levamisole Hydrochloride,11D,0505020L0AAABAB,NP8,1,0.407285714286,100,21.3152,2090.79142857
281,Midazolam_Liq Spec 50mg/5ml,Midazolam Maleate,01M,0408020V0AAALAL,NP8,1,16.68,50,58.24,2078.0
282,Sevelamer_Tab 800mg,Sevelamer,08V,0905022S0AAABAB,NP8,1,0.466547619048,4500,0.928,2076.53571429
283,Sucralfate_Tab 1g,Sucralfate,10Q,0103030S0AAAAAA,NP8,1,0.127142857143,224,9.38982142857,2074.84
284,Influenza_Vac Inact 0.5ml Pfs,Influenza,00M,1404000H0AAAFAF,NP8,1,5.85,507,9.94,2073.63
285,Influenza_Vac Inact 0.5ml Pfs,Influenza,11J,1404000H0AAAFAF,NP8,1,5.85,2795,6.59,2068.3
286,Megestrol Acet_Tab 40mg,Megestrol Acetate,04K,0803020L0AAAAAA,NP8,1,0.567416666667,448,5.15790178571,2056.53733333
287,Melatonin_Cap 2mg,Melatonin,02P,0401010ADAAAEAE,NP8,1,0.709979041916,860,3.09906976744,2054.61802395
288,Pregabalin_Cap 75mg,Pregabalin,02H,0408010AEAAACAC,C,2,0.810894480519,6058,1.15,2054.30123701
289,Mag Glycerophos_Tab 97.2mg,Magnesium Glycerophosphate,11D,0905013G0AAA2A2,NP8,1,0.764035714286,1000,2.81666,2052.62428571
290,Co-Proxamol_Tab 32.5mg/325mg,Co-Proxamol (Dextroprop HCl/Paracet),12F,0407010Q0AAAAAA,NP8,1,0.704480519481,400,5.807,2041.00779221
291,Nutrison Peptisorb_Liq,Enteral Nutrition,05L,090402000BBHPA0,NP8,1,0.01394,8928,0.242428315412,2039.94368
292,PaediaSure Fibre_Liq (3 Flav),Enteral Nutrition,05X,090402000BBJKA0,NP8,1,0.013,82136,0.0377398461089,2032.032
293,Pregabalin_Cap 75mg,Pregabalin,01J,0408010AEAAACAC,C,4,0.810894480519,6118,1.14218372017,2026.82756818
294,"Ergocalciferol_Oral Susp 1,000u/5ml",Ergocalciferol,08L,0906040N0AADCDC,NP8,1,0.480624,600,3.8555,2024.9256
295,Co-Proxamol_Tab 32.5mg/325mg,Co-Proxamol (Dextroprop HCl/Paracet),04N,0407010Q0AAAAAA,NP8,1,0.704480519481,600,4.0755,2022.61168831
296,Mag Ox_Cap 100mg,Magnesium Oxide,99E,0101010I0AAABAB,NP8,1,0.932866666667,2000,1.940785,2015.83666667
297,Oxycodone HCl_Tab 120mg M/R,Oxycodone Hydrochloride,07N,0407020ADAAAPAP,C,1,2.72339285714,739,5.44682002706,2012.61267857
298,Chloral Hydrate_Liq Spec 200mg/5ml,Chloral Hydrate,01W,0401010B0AABGBG,NP8,1,0.461109714286,800,2.9758,2011.75222857
299,Mag Ox Heavy_Cap 100mg,Other Single Substance Preps,09H,190400000AAUJUJ,NP8,1,0.8481,500,4.8471,1999.5
300,"Dalteparin Sod_Inj 25,000u/ml 0.4ml Pfs",Dalteparin Sodium,03N,0208010L0AAAFAF,NP8,1,5.646,28,76.7621428571,1991.252
301,Fluticasone/Salmeterol_Inh 250/25mcg120D,Fluticasone Propionate (Inh),03T,0302000N0AABGBG,C,3,44.61,136,59.1519852941,1977.71
302,Meningoc_Vac A+C+W135+Y 0.5ml Vl + Dil,Meningococcal A + C + W135 + Y Vaccine,13T,1404000X0AAACAC,NP8,1,16.73,149,30.0,1977.23
303,Trihexyphenidyl HCl_Liq Spec 2mg/5ml,Trihexyphenidyl Hydrochloride,08K,0409020C0AAALAL,NP8,1,0.451254,2100,1.3856047619,1962.1366
304,Tacrolimus_Liq Spec 5mg/5ml,Tacrolimus,07K,0802020T0AAALAL,NP8,1,2.57736,170,14.0835882353,1956.0588
305,Tramadol HCl_Tab 100mg M/R,Tramadol Hydrochloride,99D,040702040AAACAC,NP8,3,0.115666666667,6472,0.417053461063,1950.57533333
306,Linezolid_Tab 600mg,Linezolid,05T,0501070W0AAAAAA,NP8,1,22.886,90,44.5,1945.26
307,Starch Maize Modified_Pdr G/F,Other Base/Dil/SuspAgent/StabiliserPreps,01H,190700000AABABA,NP8,2,0.0167,62875,0.0476103379722,1943.4875
308,Colestipol HCl_Tab 1g,Colestipol Hydrochloride,03W,0212000K0AAACAC,NP8,1,1.98422499999,360,7.36458333333,1936.929
309,Influenza_Vac Inact 0.5ml Pfs,Influenza,06Q,1404000H0AAAFAF,NP8,2,5.85,697,8.62787661406,1936.18
310,Sucralfate_Susp 1g/5ml S/F,Sucralfate,02T,0103030S0AAABAB,NP8,1,0.02544,1000,1.95706,1931.62
311,Tramadol HCl_Tab 100mg M/R,Tramadol Hydrochloride,02E,040702040AAACAC,NP8,1,0.115666666667,2608,0.855115030675,1928.48133333
312,Naproxen_Oral Susp 125mg/5ml,Naproxen,03J,1001010P0AAARAR,NP8,1,0.385466666667,600,3.5988,1928.0
313,Melatonin_Tab 3mg,Melatonin,00Y,0401010ADAABPBP,NP8,2,0.749107142857,1590,1.9602327044,1925.68964286
314,Influenza_Vac Inact 0.5ml Pfs,Influenza,01C,1404000H0AAAFAF,NP8,1,5.85,2584,6.59,1912.16
315,Gabapentin_Liq Spec 100mg/5ml,Gabapentin,06N,0408010G0AAAGAG,NP8,1,0.709443076923,1200,2.29846666667,1906.82830769
316,Fluticasone/Salmeterol_Inh 250/25mcg120D,Fluticasone Propionate (Inh),09W,0302000N0AABGBG,C,3,44.61,129,59.3647286822,1903.36
317,Fluticasone/Salmeterol_Inh 250/25mcg120D,Fluticasone Propionate (Inh),06W,0302000N0AABGBG,C,2,44.61,128,59.48,1903.36
318,Galantamine_Oral Soln 20mg/5ml S/F,Galantamine,02G,0411000F0AAADAD,NP8,1,1.2,600,4.37,1902.0
319,Galantamine_Oral Soln 20mg/5ml S/F,Galantamine,02R,0411000F0AAADAD,NP8,1,1.2,600,4.37,1902.0
320,Vital 1.5kcal_Liq (Vanilla),Other Food For Special Diet Preps,05W,090401000BBRBA0,NP8,1,0.0152,99072,0.0343669250646,1898.9056
321,Demeclocycline HCl_Cap 150mg,Demeclocycline Hydrochloride,12F,0501030F0AAAAAA,C,1,5.74607142857,504,9.47186507937,1877.8
322,Trihexyphenidyl HCl_Liq Spec 2mg/5ml,Trihexyphenidyl Hydrochloride,03G,0409020C0AAALAL,NP8,1,0.451254,1600,1.6235125,1875.6136
323,Jevity 1.5kcal_Liq,Enteral Nutrition,05W,090402000BBNJA0,NP8,1,0.01136,73072,0.0368890956864,1865.46208
324,Aripiprazole_Tab 5mg,Aripiprazole,09A,0402010ADAAADAD,M,2,0.101071428571,784,2.47887755102,1864.2
325,Influenza_Vac Inact 0.5ml Pfs,Influenza,09N,1404000H0AAAFAF,NP8,1,5.85,455,9.94,1860.95
326,Influenza_Vac Inact 0.5ml Pfs,Influenza,04N,1404000H0AAAFAF,NP8,2,5.85,2509,6.5913351933,1860.01
327,Colecal_Cap 400u,Colecalciferol,04R,0906040G0AABIBI,NP8,1,0.111,1704,1.19959507042,1854.966
328,"Colecal_Tab 1,000u",Colecalciferol,99M,0906040G0AABGBG,C,1,0.00993720353841,840,2.2075952381,1846.03274903
329,Co-Proxamol_Tab 32.5mg/325mg,Co-Proxamol (Dextroprop HCl/Paracet),09P,0407010Q0AAAAAA,NP8,1,0.704480519481,700,3.30428571429,1819.86363636
330,Levetiracetam_Tab 500mg,Levetiracetam,13P,0408010A0AAABAB,M,2,0.0558098591549,4716,0.439245122986,1808.28070423
331,Ciclosporin_Eye Dps 0.05% 0.4ml Ud,Ciclosporin,99P,1108010AAAAAFAF,NP8,1,3.28942499999,360,8.28641666667,1798.917
332,Methocarbamol_Tab 750mg,Methocarbamol,00V,1002020S0AAABAB,A,1,0.126517857143,4722,0.507198221093,1797.57267857
333,Bisacodyl_Enema 10mg,Bisacodyl,06T,0106020C0AAAJAJ,NP8,2,0.294107142857,100,18.2576,1796.34928571
334,Venlafaxine_Cap 150mg M/R,Venlafaxine,13P,0403040W0AAAEAE,C,2,0.139287592231,3901,0.598887464753,1792.89910271
335,Co-Proxamol_Tab 32.5mg/325mg,Co-Proxamol (Dextroprop HCl/Paracet),01D,0407010Q0AAAAAA,NP8,1,0.704480519481,996,2.50452811245,1792.8474026
336,Influenza_Vac Inact 0.5ml Pfs,Influenza,09F,1404000H0AAAFAF,NP8,1,5.85,2421,6.59,1791.54
337,Rizatriptan_Tab 10mg,Rizatriptan,05P,0407041R0AAABAB,M,1,0.486666666667,534,3.83217228464,1786.5
338,Influenza_Vac Inact 0.5ml Pfs,Influenza,99P,1404000H0AAAFAF,NP8,2,5.85,2412,6.59,1784.88
339,Fortini_Liq (2 Flav),Enteral Nutrition,10X,090402000BBLHA0,NP8,1,0.01635,11072,0.177203757225,1780.9728
340,Methocarbamol_Tab 750mg,Methocarbamol,09C,1002020S0AAABAB,A,1,0.126517857143,4676,0.507189905902,1780.0225
341,Pramipexole_Tab 700mcg,Pramipexole,13P,0409010W0AAAAAA,M,1,0.0756547619048,990,1.8728989899,1779.27178571
342,"Colecal_Tab 1,000u",Colecalciferol,08D,0906040G0AABGBG,C,4,0.00993720353841,4382,0.415750798722,1778.27517409
343,Influenza_Vac Inact 0.5ml Pfs,Influenza,04F,1404000H0AAAFAF,NP8,1,5.85,434,9.94,1775.06
344,Co-Proxamol_Tab 32.5mg/325mg,Co-Proxamol (Dextroprop HCl/Paracet),08K,0407010Q0AAAAAA,NP8,1,0.704480519481,608,3.60856907895,1765.68584416
345,Diazoxide_Oral Susp 250mg/5ml,Diazoxide,05N,0601040E0AABHBH,NP8,1,1.50603888889,90,21.022,1756.4365
346,Midazolam_Liq Spec 50mg/5ml,Midazolam Maleate,06L,0408020V0AAALAL,NP8,1,16.68,106,33.233490566,1754.67
347,Influenza_Vac Inact 0.5ml Pfs,Influenza,04X,1404000H0AAAFAF,NP8,1,5.85,429,9.94,1754.61
348,Tramadol HCl_Tab 100mg M/R,Tramadol Hydrochloride,00T,040702040AAACAC,NP8,2,0.115666666667,2018,0.984048562934,1752.39466667
349,Diazepam_Liq Spec 10mg/5ml,Diazepam,00M,0401020K0AAA1A1,NP8,1,0.238075,1505,1.40186046512,1751.497125
350,Oxybutynin HCl_Oral Soln 2.5mg/5ml,Oxybutynin,03H,0704020J0AAAIAI,NP8,1,0.0458666666667,900,1.98633333333,1746.42
351,Dydrogesterone_Tab 10mg,Dydrogesterone,08X,0604012F0AAAAAA,NP8,1,2.47058928568,80,24.1,1730.35285715
352,Influenza_Vac Inact 0.5ml Pfs,Influenza,08T,1404000H0AAAFAF,NP8,1,5.85,420,9.94,1717.8
353,Sucralfate_Tab 1g,Sucralfate,10J,0103030S0AAAAAA,NP8,1,0.127142857143,304,5.76776315789,1714.74857143
354,Methocarbamol_Tab 750mg,Methocarbamol,01E,1002020S0AAABAB,A,1,0.126517857143,4494,0.507194036493,1710.75875
355,Perative_Liq (Unflav),Enteral Nutrition,01X,090402000BBCJA0,NP8,1,0.01366,3072,0.569166666667,1706.51648
356,Ethinylestr_Tab 2mcg,Ethinylestradiol,13T,0604011D0AAALAL,NP8,1,2.0,400,6.2582,1703.28
357,Methocarbamol_Tab 750mg,Methocarbamol,00Y,1002020S0AAABAB,A,1,0.126517857143,4448,0.507198741007,1693.26857143
358,Bisacodyl_Enema 10mg,Bisacodyl,08J,0106020C0AAAJAJ,NP8,2,0.294107142857,132,13.0964393939,1689.90785714
359,Sod Chlor_Liq Spec 292.5mg/5ml,Sodium Chloride,05N,0902012L0AABRBR,NP8,1,0.0613566666667,2000,0.906,1689.28666667
360,Prednisolone_Liq Spec 15mg/5ml,Prednisolone,02V,0603020T0AAAYAY,NP8,1,3.73654500002,600,6.55035,1688.28299999
361,Co-Proxamol_Tab 32.5mg/325mg,Co-Proxamol (Dextroprop HCl/Paracet),07N,0407010Q0AAAAAA,NP8,1,0.704480519481,768,2.901484375,1687.29896104
362,Phenobarb_Liq Spec 50mg/5ml,Phenobarbital,99A,0408010N0AACLCL,NP8,1,0.4555,900,2.32803333333,1685.28
363,Methocarbamol_Tab 750mg,Methocarbamol,00K,1002020S0AAABAB,A,1,0.126517857143,4419,0.507200724146,1682.23758929
364,Influenza_Vac Inact 0.5ml Pfs,Influenza,04H,1404000H0AAAFAF,NP8,2,5.85,2230,6.60352017937,1680.35
365,Methocarbamol_Tab 750mg,Methocarbamol,10T,1002020S0AAABAB,A,1,0.126517857143,4410,0.507183673469,1678.73625
366,Phenobarb_Liq Spec 50mg/5ml,Phenobarbital,04F,0408010N0AACLCL,NP8,1,0.4555,992,2.14180443548,1672.814
367,Methocarbamol_Tab 750mg,Methocarbamol,02Y,1002020S0AAABAB,A,2,0.126517857143,4588,0.490592850915,1670.37607143
368,Budesonide/Formoterol Inh B/A 400/12(60D,Budesonide,03T,0302000K0AAAUAU,C,3,29.97,216,37.7025925926,1670.24
369,Haloperidol_Liq Spec 1mg/5ml,Haloperidol,06W,0402010J0AAA7A7,NP8,1,0.422829444444,400,4.5865,1665.46822222
370,Fluticasone/Salmeterol_Inh 250/25mcg120D,Fluticasone Propionate (Inh),07J,0302000N0AABGBG,C,3,44.61,126,57.7097619048,1650.57
371,Fluticasone/Salmeterol_Inh 250/25mcg120D,Fluticasone Propionate (Inh),00W,0302000N0AABGBG,C,3,44.61,138,56.5706521739,1650.57
372,Fluticasone/Salmeterol_Inh 250/25mcg120D,Fluticasone Propionate (Inh),00K,0302000N0AABGBG,C,2,44.61,111,59.48,1650.57
373,Riboflavin_Tab 100mg,Riboflavin,02R,0906025P0AABIBI,NP8,1,0.0833928571429,840,2.0465952381,1649.09
374,St Mark's_Oral Rehydration Pdrs 26g,Oral Rehydration Salts,05C,0902012H0AAAKAK,NP8,1,2.16575000004,30,57.012,1645.3875
375,Melatonin_Cap 3mg M/R,Melatonin,03T,0401010ADAAAJAJ,NP8,1,0.998,330,5.98006060606,1644.08
376,Influenza_Vac Inact 0.5ml Pfs,Influenza,08W,1404000H0AAAFAF,NP8,1,5.85,400,9.94,1636.0
377,Fluticasone/Salmeterol_Inh 250/25mcg120D,Fluticasone Propionate (Inh),03A,0302000N0AABGBG,C,2,44.61,110,59.48,1635.7
378,Tramadol HCl_Tab 100mg M/R,Tramadol Hydrochloride,05C,040702040AAACAC,NP8,2,0.115666666667,2685,0.722372439479,1629.005
379,Phenobarb_Liq Spec 50mg/5ml,Phenobarbital,00Y,0408010N0AACLCL,NP8,1,0.4555,470,3.91955319149,1628.105
380,Methocarbamol_Tab 750mg,Methocarbamol,05C,1002020S0AAABAB,A,1,0.126517857143,4254,0.507193229901,1619.39303571
381,Ondansetron HCl_Inj 2mg/ml 4ml Amp,Ondansetron Hydrochloride,11T,0406000S0AAADAD,NP8,1,2.36,168,11.99,1617.84
382,Budesonide/Formoterol Inh B/A 400/12(60D,Budesonide,03W,0302000K0AAAUAU,C,3,29.97,202,37.9602475248,1614.03
383,Vit E_Cap 400u,Vitamin E,03A,0906050P0AAAFAF,NP8,1,0.0593333333333,302,5.40254966887,1613.65133333
384,"Colecal_Oral Dps 2,000u/ml S/F",Colecalciferol,99J,0906040G0AABTBT,NP8,1,0.49,280,6.25,1612.8
385,Fluticasone/Salmeterol_Inh 250/25mcg120D,Fluticasone Propionate (Inh),02X,0302000N0AABGBG,C,3,44.61,110,59.2096363636,1605.96
386,Oxybutynin HCl_Oral Soln 2.5mg/5ml,Oxybutynin,99A,0704020J0AAAIAI,NP8,1,0.0458666666667,1500,1.116,1605.2
387,Venlafaxine_Cap 75mg M/R,Venlafaxine,07J,0403040W0AAADAD,C,1,0.0928571428571,2303,0.788588797221,1602.27
388,"Dalteparin Sod_Inj 25,000u/ml 0.6ml Pfs",Dalteparin Sodium,00R,0208010L0AAAHAH,NP8,1,8.46785714286,32,58.481875,1600.44857143
389,Nutrison Pack_M/Fibre,Enteral Nutrition,05L,090402000BBIRA0,NP8,1,0.00999,65536,0.034280090332,1591.87536
390,Nutrison Pack_Protein Plus M/Fibre,Enteral Nutrition,04C,090402000BBNDA0,NP8,1,0.01142,28608,0.0670637583893,1591.85664
391,"Colecal_Tab 1,000u",Colecalciferol,04Q,0906040G0AABGBG,C,2,0.00993720353841,3618,0.448385848535,1586.3071976
392,Influenza_Vac Inact 0.5ml Pfs,Influenza,99H,1404000H0AAAFAF,NP8,1,5.85,386,9.94,1578.74
393,PaediaSure Peptide_Liq,Enteral Nutrition,08G,090402000BBTGA0,NP8,1,0.0191,73608,0.0405282034561,1577.2872
394,Phenobarb_Liq Spec 50mg/5ml,Phenobarbital,06P,0408010N0AACLCL,NP8,1,0.4555,500,3.60698,1575.74
395,Mag Glycerophos_Tab Chble 97.2mg S/F,Magnesium Glycerophosphate,13P,0905013G0AAAYAY,NP8,1,0.452777777778,600,3.07846666667,1575.41333333
396,Methocarbamol_Tab 750mg,Methocarbamol,03E,1002020S0AAABAB,A,1,0.126517857143,4128,0.507194767442,1571.43428571
397,Atorvastatin_Tab 10mg,Atorvastatin,05N,0212000B0AAAAAA,M,2,0.0328571428571,4370,0.392217391304,1570.40428571
398,Colecal_Cap 400u,Colecalciferol,03J,0906040G0AABIBI,NP8,1,0.111,236,6.75741525424,1568.554
399,Influenza_Vac Inact 0.5ml Pfs,Influenza,07G,1404000H0AAAFAF,NP8,2,5.85,386,9.91,1567.16
400,Nutrison Pack_Low Sod,Enteral Nutrition,06F,090402000BBHDA0,NP8,1,0.01685,19072,0.0989513422819,1565.8368
401,Nutrison Pack_Low Sod,Enteral Nutrition,09X,090402000BBHDA0,NP8,1,0.01685,19072,0.0989513422819,1565.8368
402,Sod Bicarb_Liq Spec 420mg/5ml,Sodium Bicarbonate,00V,0101012B0AAAUAU,NP8,1,0.20366,8200,0.3945,1564.888
403,Trientine Dihydroch_Cap 300mg,Trientine Dihydrochloride,99P,0908010S0AAACAC,NP8,1,22.9108000001,200,30.734,1564.63999999
404,Midazolam_Liq Spec 50mg/5ml,Midazolam Maleate,04G,0408020V0AAALAL,NP8,1,16.68,56,44.6071428571,1563.92
405,Morph Sulf_Intrasite Gel 0.1%,Morphine Sulfate,03N,0407020Q0AAFXFX,NP8,1,5.40619999998,100,21.025,1561.88
406,Fluticasone/Salmeterol_Inh 250/25mcg120D,Fluticasone Propionate (Inh),99P,0302000N0AABGBG,C,2,44.61,105,59.48,1561.35
407,Acetylcy_Gran Sach 200mg,Acetylcysteine,06M,0307000C0AAAAAA,NP8,2,0.946822464286,880,2.70972727273,1551.35623143
408,Venlafaxine_Cap 150mg M/R,Venlafaxine,05P,0403040W0AAAEAE,C,2,0.139287592231,3963,0.529159727479,1545.06327199
409,Co-Proxamol_Tab 32.5mg/325mg,Co-Proxamol (Dextroprop HCl/Paracet),13T,0407010Q0AAAAAA,NP8,1,0.704480519481,600,3.27903333333,1544.73168831
410,Tacrolimus_Liq Spec 5mg/5ml,Tacrolimus,06N,0802020T0AAALAL,NP8,1,2.57736,600,5.14915,1543.074
411,Oxybutynin HCl_Oral Soln 2.5mg/5ml,Oxybutynin,99J,0704020J0AAAIAI,NP8,1,0.0458666666667,1680,0.963333333333,1541.344
412,Mag Ox_Cap 160mg,Magnesium Oxide,02H,0101010I0AAACAC,NP8,1,0.665,336,5.24833333333,1540.0
413,Influenza_Vac Inact 0.5ml Pfs,Influenza,11X,1404000H0AAAFAF,NP8,1,5.85,2072,6.59,1533.28
414,Influenza_Vac Inact 0.5ml Pfs,Influenza,07P,1404000H0AAAFAF,NP8,1,5.85,374,9.94,1529.66
415,Levothyrox/Liothyronine_Tab 35mcg/8mcg,Levothyroxine Sodium & Liothyronine,99J,0602010Z0AAAJAJ,NP8,1,0.289456,600,2.8336,1526.4864
416,Melatonin_Tab 3mg,Melatonin,08G,0401010ADAABPBP,NP8,1,0.749107142857,914,2.41915754923,1526.42607143
417,Lamotrigine_Tab 100mg,Lamotrigine,01C,0408010H0AAAAAA,M,2,0.0291071428571,2626,0.610369383092,1526.39464286
418,Budesonide/Formoterol Inh B/A 400/12(60D,Budesonide,03D,0302000K0AAAUAU,C,3,29.97,196,37.7541836735,1525.7
419,Nabilone_Cap 250mcg,Nabilone,05J,0406000R0AAAGAG,NP8,1,9.25,120,21.9573333333,1524.88
420,Influenza_Vac Inact 0.5ml Pfs,Influenza,01X,1404000H0AAAFAF,NP8,1,5.85,2060,6.59,1524.4
421,Mexiletine HCl_Cap 200mg,Mexiletine Hydrochloride,05T,0203020P0AAABAB,NP8,1,1.28803571429,336,5.81583333333,1521.34
422,Fortisip Compact_Liq (8 Flav),Enteral Nutrition,03N,090402000BBSIA0,NP8,1,0.0116,92428,0.0280499415761,1520.4352
423,Vital 1.5kcal_Liq (Vanilla),Other Food For Special Diet Preps,00Y,090401000BBRBA0,NP8,1,0.0152,12000,0.141866666667,1520.0
424,Nutrison Peptisorb_Liq,Enteral Nutrition,01J,090402000BBHPA0,NP8,1,0.01394,11072,0.151083815029,1518.45632
425,Trientine Dihydroch_Cap 300mg,Trientine Dihydrochloride,06F,0908010S0AAACAC,NP8,1,22.9108000001,300,27.94,1508.75999998
426,Sod Benz_Cap 500mg,Sodium Benzoate,99D,0908010N0AAABAB,NP8,1,0.2968,1120,1.64130357143,1505.844
427,Boric Acid_Pess 600mg,Boric Acid,11A,0702020Y0AAAAAA,NP8,1,32.881952381,28,86.4967857143,1501.21533333
428,Co-Proxamol_Tab 32.5mg/325mg,Co-Proxamol (Dextroprop HCl/Paracet),01M,0407010Q0AAAAAA,NP8,1,0.704480519481,600,3.2,1497.31168831
429,"Colecal_Tab 1,000u",Colecalciferol,07X,0906040G0AABGBG,C,2,0.00993720353841,9146,0.173387273125,1494.91433644
430,Lamotrigine_Tab 200mg,Lamotrigine,99Q,0408010H0AAA1A1,NP8,1,0.0430085352824,728,2.09553571429,1494.23978631
431,"Dalteparin Sod_Inj 25,000u/ml 0.6ml Pfs",Dalteparin Sodium,10Q,0208010L0AAAHAH,NP8,1,8.46785714286,14,115.164285714,1493.75
432,Pregabalin_Cap 75mg,Pregabalin,04D,0408010AEAAACAC,C,2,0.810894480519,4403,1.15,1493.08160227
433,"Dalteparin Sod_Inj 25,000u/ml 0.5ml Pfs",Dalteparin Sodium,05W,0208010L0AAAGAG,NP8,1,7.05785714286,30,56.664,1488.18428571
434,Influenza_Vac Inact 0.5ml Pfs,Influenza,12A,1404000H0AAAFAF,NP8,1,5.85,2010,6.59,1487.4
435,Influenza_Vac Inact 0.5ml Pfs,Influenza,02W,1404000H0AAAFAF,NP8,2,5.85,366,9.91254098361,1486.89
436,Co-Proxamol_Tab 32.5mg/325mg,Co-Proxamol (Dextroprop HCl/Paracet),11N,0407010Q0AAAAAA,NP8,1,0.704480519481,536,3.4775,1486.33844156
437,Melatonin_Tab 3mg,Melatonin,07X,0401010ADAABPBP,NP8,1,0.749107142857,180,8.99166666667,1483.66071429
438,Pregabalin_Cap 75mg,Pregabalin,99D,0408010AEAAACAC,C,1,0.810894480519,4375,1.15,1483.58664773
439,Pregabalin_Cap 75mg,Pregabalin,12D,0408010AEAAACAC,C,3,0.810894480519,5236,1.09375477464,1481.0565
440,Testosterone_Gel 2% (10mg per actuation),Testosterone,04J,0604020K0AABMBM,NP8,2,0.477833333333,360,4.58519444444,1478.65
441,Testosterone_Gel 2% (10mg per actuation),Testosterone,05T,0604020K0AABMBM,NP8,1,0.477833333333,300,5.40666666667,1478.65
442,Atorvastatin_Tab 20mg,Atorvastatin,06K,0212000B0AAABAB,M,1,0.038903108879,10696,0.176648279731,1473.32234743
443,Meningoc_Vac A+C+W135+Y 0.5ml Vl + Dil,Meningococcal A + C + W135 + Y Vaccine,99A,1404000X0AAACAC,NP8,1,16.73,111,30.0,1472.97
444,Fluticasone/Salmeterol_Inh 250/25mcg120D,Fluticasone Propionate (Inh),01E,0302000N0AABGBG,C,2,44.61,99,59.48,1472.13
445,Fluticasone/Salmeterol_Inh 250/25mcg120D,Fluticasone Propionate (Inh),01F,0302000N0AABGBG,C,2,44.61,99,59.48,1472.13
446,Fluticasone/Salmeterol_Inh 250/25mcg120D,Fluticasone Propionate (Inh),02T,0302000N0AABGBG,C,2,44.61,99,59.48,1472.13
447,Nortriptyline_Liq Spec 10mg/5ml,Nortriptyline,04R,0403010V0AAANAN,NP8,1,1.225772,1440,2.248,1472.00832
448,Midazolam_Liq Spec 50mg/5ml,Midazolam Maleate,01J,0408020V0AAALAL,NP8,1,16.68,55,43.3930909091,1469.22
449,Nutrison Pack_Energy M/Fibre,Enteral Nutrition,06K,090402000BBLMA0,NP8,1,0.01195,396252,0.0156485014587,1465.5386
450,Influenza_Vac Inact 0.5ml Pfs,Influenza,06Y,1404000H0AAAFAF,NP8,1,5.85,1976,6.59,1462.24
451,Levetiracetam_Tab 500mg,Levetiracetam,11M,0408010A0AAABAB,M,2,0.0558098591549,2662,0.603839218633,1458.85415493
452,Fluticasone/Salmeterol_Inh 250/25mcg120D,Fluticasone Propionate (Inh),99G,0302000N0AABGBG,C,2,44.61,98,59.48,1457.26
453,Venlafaxine_Cap 150mg M/R,Venlafaxine,02H,0403040W0AAAEAE,C,2,0.139287592231,2688,0.680941220238,1455.96495208
454,Phenobarb_Liq Spec 15mg/5ml,Phenobarbital,01J,0408010N0AADMDM,NP8,1,0.166,1800,0.974483333333,1455.27
455,Tramadol HCl_Tab 100mg M/R,Tramadol Hydrochloride,13P,040702040AAACAC,NP8,3,0.115666666667,6600,0.336139393939,1455.12
456,Co-Proxamol_Tab 32.5mg/325mg,Co-Proxamol (Dextroprop HCl/Paracet),05L,0407010Q0AAAAAA,NP8,1,0.704480519481,1024,2.1209765625,1450.49194805
457,Phenobarb_Liq Spec 100mg/5ml,Phenobarbital,00L,0408010N0AACNCN,NP8,1,0.905090000005,960,2.40933333333,1444.07359999
458,Gabapentin_Liq Spec 400mg/5ml,Gabapentin,11A,0408010G0AAAYAY,NP8,1,0.510362777778,1200,1.71234166667,1442.37466667
459,Bisacodyl_Enema 10mg,Bisacodyl,03E,0106020C0AAAJAJ,NP8,2,0.294107142857,96,15.3155208333,1442.05571429
460,Oxycodone HCl_Tab 80mg M/R,Oxycodone Hydrochloride,09P,0407020ADAAAIAI,C,3,1.78910714286,917,3.35984732824,1440.36875
461,Tamoxifen Cit_Oral Susp 10mg/5ml,Tamoxifen Citrate,03A,0803041S0AAAHAH,NP8,1,0.926666666663,600,3.32666666667,1440.0
462,Sod Chlor_Soln 0.9%,Sodium Chloride,06N,1311010S0AAADAD,NP8,1,0.099,80,18.088,1439.12
463,Budesonide/Formoterol Inh B/A 200/6(120D,Budesonide,99H,0302000K0AAAMAM,C,3,29.97,189,37.5751322751,1437.37
464,Budesonide/Formoterol Inh B/A 400/12(60D,Budesonide,99P,0302000K0AAAUAU,C,3,29.97,185,37.7395675676,1437.37
465,"Colecal_Tab 1,000u",Colecalciferol,09D,0906040G0AABGBG,C,1,0.00993720353841,552,2.61320652174,1437.00466365
466,Oxybutynin HCl_Oral Soln 2.5mg/5ml,Oxybutynin,02H,0704020J0AAAIAI,NP8,1,0.0458666666667,600,2.44,1436.48
467,"Colecal_Tab 1,000u",Colecalciferol,03E,0906040G0AABGBG,C,2,0.00993720353841,3058,0.479247874428,1435.15203158
468,Levothyrox Sod_Tab 50mcg,Levothyroxine Sodium,10R,0602010V0AABXBX,M,1,0.0614265734266,10294,0.200816009326,1434.87485315
469,Mag Glycerophos_Cap 48.6mg,Magnesium Glycerophosphate,09D,0905013G0AABMBM,NP8,1,1.48473,168,10.0195238095,1433.84536
470,Mag Ox_Cap 160mg,Magnesium Oxide,00Q,0101010I0AAACAC,NP8,1,0.665,336,4.92726190476,1432.12
471,Methocarbamol_Tab 750mg,Methocarbamol,11X,1002020S0AAABAB,A,1,0.126517857143,3760,0.507191489362,1431.33285714
472,Starch Maize Modified_Pdr G/F,Other Base/Dil/SuspAgent/StabiliserPreps,11J,190700000AABABA,NP8,4,0.0167,23239,0.0782060329618,1429.3387
473,Venlafaxine_Cap 150mg M/R,Venlafaxine,10C,0403040W0AAAEAE,C,2,0.139287592231,2257,0.771227292867,1426.28790434
474,Diclofenac Sod_Liq Spec 50mg/5ml,Diclofenac Sodium,07N,1001010C0AAAVAV,NP8,1,0.893333333333,600,3.2698,1425.88
475,Atorvastatin_Tab 20mg,Atorvastatin,11N,0212000B0AAABAB,M,2,0.038903108879,2422,0.627188274154,1424.8266703
476,Pregabalin_Cap 75mg,Pregabalin,05R,0408010AEAAACAC,C,2,0.810894480519,4198,1.15,1423.56497078
477,Influenza_Vac Inact 0.5ml Pfs,Influenza,07R,1404000H0AAAFAF,NP8,1,5.85,348,9.94,1423.32
478,Azathioprine_Cap 10mg,Azathioprine,99P,0802010G0AAAHAH,NP8,1,3.096,336,7.33196428571,1423.284
479,"Dalteparin Sod_Inj 25,000u/ml 0.2ml Pfs",Dalteparin Sodium,04C,0208010L0AAABAB,NP8,1,2.82285714286,90,18.6265555556,1422.33285714
480,"Dalteparin Sod_Inj 25,000u/ml 0.4ml Pfs",Dalteparin Sodium,06M,0208010L0AAAFAF,NP8,1,5.646,40,41.204,1422.32
481,"Dalteparin Sod_Inj 25,000u/ml 0.4ml Pfs",Dalteparin Sodium,11M,0208010L0AAAFAF,NP8,1,5.646,20,76.762,1422.32
482,Venlafaxine_Cap 150mg M/R,Venlafaxine,99H,0403040W0AAAEAE,C,2,0.139287592231,2174,0.792539098436,1420.16877449
483,Co-Proxamol_Tab 32.5mg/325mg,Co-Proxamol (Dextroprop HCl/Paracet),02H,0407010Q0AAAAAA,NP8,1,0.704480519481,950,2.19782105263,1418.67350649
484,Diazepam_Oral Soln 2.5mg/5ml,Diazepam,05Y,0401020K0AACBCB,NP8,1,0.08,450,3.22353333333,1414.59
485,Acetylcy_Gran Sach 200mg,Acetylcysteine,05L,0307000C0AAAAAA,NP8,1,0.946822464286,504,3.75,1412.801478
486,Vital 1.5kcal_Liq (Vanilla),Other Food For Special Diet Preps,09F,090401000BBRBA0,NP8,1,0.0152,19072,0.0892617449664,1412.5056
487,Methocarbamol_Tab 750mg,Methocarbamol,07J,1002020S0AAABAB,A,1,0.126517857143,3708,0.507197950378,1411.56178571
488,Tramadol HCl_Tab 100mg M/R,Tramadol Hydrochloride,03T,040702040AAACAC,NP8,3,0.115666666667,2628,0.651122526636,1407.178
489,Mag Glycerophos_Tab 97.2mg,Magnesium Glycerophosphate,07L,0905013G0AAA2A2,NP8,1,0.764035714286,468,3.76709401709,1405.43128571
490,Ibuprofen_Tab 400mg,Ibuprofen,00T,1001010J0AAAEAE,M,1,0.0375,2785,0.541447037702,1403.4925
491,Tacrolimus_Liq Spec 2.5mg/5ml,Tacrolimus,01D,0802020T0AAAGAG,NP8,1,0.995539999999,400,4.5039,1403.344
492,Influenza_Vac Inact 0.5ml Pfs,Influenza,99K,1404000H0AAAFAF,NP8,1,5.85,343,9.94,1402.87
493,Fluticasone/Salmeterol_Inh 250/25mcg120D,Fluticasone Propionate (Inh),09J,0302000N0AABGBG,C,2,44.61,94,59.48,1397.78
494,Fluticasone/Salmeterol_Inh 250/25mcg120D,Fluticasone Propionate (Inh),02Y,0302000N0AABGBG,C,2,44.61,94,59.48,1397.78
495,Ondansetron HCl_Tab 8mg,Ondansetron Hydrochloride,03M,0406000S0AAACAC,M,1,0.227976190476,168,8.54297619048,1396.92
496,Ondansetron HCl_Tab 8mg,Ondansetron Hydrochloride,02F,0406000S0AAACAC,M,1,0.227976190476,168,8.54297619048,1396.92
497,Pregabalin_Cap 75mg,Pregabalin,00J,0408010AEAAACAC,C,2,0.810894480519,4109,1.15,1393.38457955
498,"Colecal_Tab 1,000u",Colecalciferol,00V,0906040G0AABGBG,C,1,0.00993720353841,2940,0.482897959184,1390.5046216
499,Midazolam_Liq Spec 50mg/5ml,Midazolam Maleate,00D,0408020V0AAALAL,NP8,1,16.68,110,29.315,1389.85
500,Atorvastatin_Tab 10mg,Atorvastatin,07K,0212000B0AAAAAA,M,2,0.0328571428571,9324,0.181848991849,1389.2
501,Mercaptamine HCl_Eye Dps 0.55%,Mercaptamine Hydrochloride,99P,1108010A0AAACAC,NP8,1,2.879,240,8.667,1389.12
502,Jevity Plus_Liq,Enteral Nutrition,07P,090402000BBHMA0,NP8,1,0.01128,65536,0.0324645996094,1388.35392
503,Mag Ox_Cap 100mg,Magnesium Oxide,02H,0101010I0AAABAB,NP8,1,0.932866666667,720,2.86,1387.536
504,Venlafaxine_Cap 150mg M/R,Venlafaxine,07K,0403040W0AAAEAE,C,3,0.139287592231,1798,0.910761957731,1387.11090917
505,Diazoxide_Oral Susp 250mg/5ml,Diazoxide,10H,0601040E0AABHBH,NP8,1,1.50603888889,60,24.615,1386.53766667
506,Diltiazem HCl_Tab 60mg M/R,Diltiazem Hydrochloride,00K,0206020C0AAAAAA,A,2,0.0884375,3926,0.440776872134,1383.284375
507,Fluticasone/Salmeterol_Inh 250/25mcg120D,Fluticasone Propionate (Inh),00J,0302000N0AABGBG,C,3,44.61,102,58.1679411765,1382.91
508,Nabilone_Cap 250mcg,Nabilone,10M,0406000R0AAAGAG,NP8,1,9.25,100,23.0555,1380.55
509,Nutrison Peptisorb_Liq,Enteral Nutrition,13P,090402000BBHPA0,NP8,1,0.01394,19072,0.0863255033557,1380.53632
510,Mag Glycerophos_Tab 97.2mg,Magnesium Glycerophosphate,01Y,0905013G0AAA2A2,NP8,1,0.764035714286,672,2.81666666667,1379.368
511,Atorvastatin_Tab 40mg,Atorvastatin,99C,0212000B0AAACAC,M,1,0.0453571428571,10812,0.172851461339,1378.46857143
512,Fresubin Energy_Liq (8 Flav),Enteral Nutrition,08M,090402000BBNLA0,NP8,1,0.007,106192,0.0199600723218,1376.256
513,Oxybutynin HCl_Oral Soln 2.5mg/5ml,Oxybutynin,06V,0704020J0AAAIAI,NP8,1,0.0458666666667,1500,0.963333333333,1376.2
514,Influenza_Vac Inact 0.5ml Pfs,Influenza,08V,1404000H0AAAFAF,NP8,1,5.85,336,9.94,1374.24
515,Diazoxide_Oral Susp 250mg/5ml,Diazoxide,06K,0601040E0AABHBH,NP8,1,1.50603888889,150,10.6607333333,1373.20416667
516,Budesonide/Formoterol Inh B/A 400/12(60D,Budesonide,99D,0302000K0AAAUAU,C,3,29.97,174,37.8615517241,1373.13
517,Levothyrox/Liothyronine_Tab 76mcg/18mcg,Levothyroxine Sodium & Liothyronine,09G,0602010Z0AAADAD,NP8,1,0.67236,420,3.94114285714,1372.8888
518,Magnesium Lactate_Tab 84mg M/R,Magnesium Lactate,10C,0905013P0AAAAAA,NP8,1,0.3551,800,2.069,1371.12
519,"Colecal_Tab 1,000u",Colecalciferol,11N,0906040G0AABGBG,C,1,0.00993720353841,500,2.75,1370.03139823
520,Melatonin_Tab 3mg,Melatonin,03T,0401010ADAABPBP,NP8,2,0.749107142857,960,2.17610416667,1369.91714286
521,Atorvastatin_Tab 40mg,Atorvastatin,05N,0212000B0AAACAC,M,2,0.0453571428571,2240,0.655714285714,1367.2
522,Colecal_Cap 600u,Colecalciferol,00K,0906040G0AABFBF,NP8,1,0.0733333333333,210,6.57723809524,1365.82
523,Budesonide/Formoterol Inh B/A 200/6(120D,Budesonide,03L,0302000K0AAAMAM,C,2,29.97,170,38.0,1365.1
524,Fluticasone/Salmeterol_Inh 125/25mcg120D,Fluticasone Propionate (Inh),00M,0302000N0AABFBF,C,3,26.25,168,34.375,1365.0
525,Omeprazole_Oral Soln 20mg/5ml,Omeprazole,99Q,0103050P0AAAQAQ,NP8,1,0.3224,1050,1.62143809524,1363.99
526,Methadone HCl_Mix 1mg/1ml S/F,Methadone Hydrochloride,112,0410030C0AAAFAF,C,1,0.0109182292012,621070,0.0131121290676,1362.56539003
527,Methocarbamol_Tab 750mg,Methocarbamol,01D,1002020S0AAABAB,A,1,0.126517857143,3578,0.507185578535,1362.02910714
528,Bisacodyl_Enema 10mg,Bisacodyl,05A,0106020C0AAAJAJ,NP8,2,0.294107142857,56,24.6041071429,1361.36
529,Methocarbamol_Tab 750mg,Methocarbamol,06F,1002020S0AAABAB,A,2,0.126517857143,3775,0.48702781457,1360.92508929
530,Levomeprom Mal_Tab 6mg,Levomepromazine Maleate,11X,0402010K0AAAMAM,NP8,1,1.19642857143,168,9.28785714286,1359.36
531,Nepro HP_Liq (Vanilla),Enteral Nutrition,10H,090402000BBVIA0,NP8,1,0.0135454545455,10000,0.1493,1357.54545455
532,"Colecal_Tab 1,000u",Colecalciferol,02R,0906040G0AABGBG,C,3,0.00993720353841,1145,1.19182532751,1353.26190195
533,Influenza_Vac Inact 0.5ml Pfs,Influenza,00K,1404000H0AAAFAF,NP8,2,5.85,1822,6.59183863886,1351.63
534,Sod Chlor_Liq Spec 292.5mg/5ml,Sodium Chloride,02R,0902012L0AABRBR,NP8,1,0.0613566666667,5600,0.302,1347.60266667
535,Colecal_Cap 400u,Colecalciferol,08Q,0906040G0AABIBI,NP8,1,0.111,2436,0.663600164204,1346.134
536,Levothyrox/Liothyronine_Tab 76mcg/18mcg,Levothyroxine Sodium & Liothyronine,02T,0602010Z0AAADAD,NP8,1,0.67236,200,7.386,1342.728
537,Methocarbamol_Tab 750mg,Methocarbamol,09F,1002020S0AAABAB,A,2,0.126517857143,3920,0.468352040816,1339.99
538,Fluticasone/Salmeterol_Inh 250/25mcg120D,Fluticasone Propionate (Inh),06A,0302000N0AABGBG,C,3,44.61,92,59.1567391304,1338.3
539,Chloroth_Oral Susp 250mg/5ml,Chlorothiazide,02V,0202010D0AAAUAU,NP8,2,0.4303875,2471,0.970963172805,1335.7624875
540,"Dalteparin Sod_Inj 25,000u/ml 0.5ml Pfs",Dalteparin Sodium,99J,0208010L0AAAGAG,NP8,1,7.05785714286,15,95.988,1333.95214286
541,"Dalteparin Sod_Inj 25,000u/ml 0.5ml Pfs",Dalteparin Sodium,00Q,0208010L0AAAGAG,NP8,1,7.05785714286,15,95.988,1333.95214286
542,Influenza_Vac Inact 0.5ml Pfs,Influenza,10V,1404000H0AAAFAF,NP8,1,5.85,1802,6.59,1333.48
543,Budesonide/Formoterol Inh B/A 200/6(120D,Budesonide,08M,0302000K0AAAMAM,C,2,29.97,166,38.0,1332.98
544,Budesonide/Formoterol Inh B/A 200/6(120D,Budesonide,01X,0302000K0AAAMAM,C,3,29.97,175,37.5870285714,1332.98
545,Nutrini Peptisorb_Liq,Enteral Nutrition,12F,090402000BBRJA0,NP8,1,0.02132,1536,0.888333333333,1331.73248
546,Omeprazole_Oral Soln 20mg/5ml,Omeprazole,08K,0103050P0AAAQAQ,NP8,1,0.3224,400,3.6479,1330.2
547,Nutrison Pack_Soya,Enteral Nutrition,05W,090402000BBHBA0,NP8,1,0.01062,3072,0.4425,1326.73536
548,Co-Proxamol_Tab 32.5mg/325mg,Co-Proxamol (Dextroprop HCl/Paracet),03H,0407010Q0AAAAAA,NP8,1,0.704480519481,2134,1.32565604499,1325.58857143
549,Pregabalin_Cap 75mg,Pregabalin,11A,0408010AEAAACAC,C,2,0.810894480519,3908,1.15,1325.22437013
550,Pregabalin_Cap 75mg,Pregabalin,09Y,0408010AEAAACAC,C,1,0.810894480519,3904,1.15,1323.86794805
551,Fluticasone/Salmeterol_Inh 250/25mcg120D,Fluticasone Propionate (Inh),11J,0302000N0AABGBG,C,2,44.61,89,59.48,1323.43
552,Fluticasone/Salmeterol_Inh 250/25mcg120D,Fluticasone Propionate (Inh),03J,0302000N0AABGBG,C,2,44.61,89,59.48,1323.43
553,Fluticasone/Salmeterol_Inh 250/25mcg120D,Fluticasone Propionate (Inh),01M,0302000N0AABGBG,C,3,44.61,92,58.9951086957,1323.43
554,Lido HCl/Hydrocort_Mthwsh 1%/1%,Lidocaine Hydrochloride,06L,1502010J0AAEMEM,NP8,1,0.682866000001,500,3.32,1318.567
555,Levothyrox Sod_Tab 100mcg,Levothyroxine Sodium,08G,0602010V0AABZBZ,M,1,0.0610713150841,3788,0.408893875396,1317.55185846
556,Budesonide/Formoterol Inh B/A 200/6(120D,Budesonide,00Y,0302000K0AAAMAM,C,3,29.97,172,37.6265116279,1316.92
557,Fluticasone/Salmeterol_Inh 125/25mcg120D,Fluticasone Propionate (Inh),99H,0302000N0AABFBF,C,3,26.25,157,34.6098726115,1312.5
558,Diazoxide_Oral Susp 250mg/5ml,Diazoxide,03L,0601040E0AABHBH,NP8,1,1.50603888889,90,16.071,1310.8465
559,Co-Proxamol_Tab 32.5mg/325mg,Co-Proxamol (Dextroprop HCl/Paracet),08N,0407010Q0AAAAAA,NP8,1,0.704480519481,500,3.3252,1310.35974026
560,Colecal_Cap 400u,Colecalciferol,11A,0906040G0AABIBI,NP8,2,0.111,1140,1.26003508772,1309.9
561,Pregabalin_Cap 75mg,Pregabalin,03W,0408010AEAAACAC,C,2,0.810894480519,3861,1.15,1309.28641071
562,Atorvastatin_Tab 40mg,Atorvastatin,07K,0212000B0AAACAC,M,2,0.0453571428571,4984,0.30794141252,1308.72
563,Fluticasone/Salmeterol_Inh 250/25mcg120D,Fluticasone Propionate (Inh),01W,0302000N0AABGBG,C,3,44.61,92,58.8334782609,1308.56
564,Trientine Dihydroch_Cap 300mg,Trientine Dihydrochloride,99F,0908010S0AAACAC,NP8,1,22.9108000001,100,35.99,1307.91999999
565,Sulfapyridine_Cap 250mg,Sulfapyridine,99J,0501080V0AAADAD,NP8,1,11.2261666667,336,15.1163095238,1307.088
566,"Colecal_Tab 1,000u",Colecalciferol,05L,0906040G0AABGBG,C,1,0.00993720353841,11820,0.120518612521,1307.07225418
567,Trientine Dihydroch_Cap 300mg,Trientine Dihydrochloride,06W,0908010S0AAACAC,NP8,1,22.9108000001,200,29.44,1305.83999999
568,Mercaptamine HCl_Eye Dps 0.55%,Mercaptamine Hydrochloride,04D,1108010A0AAACAC,NP8,1,2.879,60,24.638,1305.54
569,Bisacodyl_Enema 10mg,Bisacodyl,01G,0106020C0AAAJAJ,NP8,1,0.294107142857,25,52.5116,1305.43732143
570,Tamsulosin HCl_Cap 400mcg M/R,Tamsulosin Hydrochloride,03K,0704010U0AAAAAA,A,2,0.13,7105,0.313670654469,1304.98
571,Levetiracetam_Tab 750mg,Levetiracetam,13P,0408010A0AAAIAI,M,2,0.0707971014493,2144,0.678521455224,1302.96101449
572,Nutrison Pack_1200 Complete M/Fibre Liq,Enteral Nutrition,05C,090402000BBNGA0,NP8,1,0.01173,457216,0.0145777050672,1302.01632
573,Levothyrox Sod_Tab 50mcg,Levothyroxine Sodium,08G,0602010V0AABXBX,M,1,0.0614265734266,3748,0.408588580576,1301.1632028
574,Ondansetron HCl_Inj 2mg/ml 4ml Amp,Ondansetron Hydrochloride,09C,0406000S0AAADAD,NP8,1,2.36,135,11.99,1300.05
575,Co-Proxamol_Tab 32.5mg/325mg,Co-Proxamol (Dextroprop HCl/Paracet),08H,0407010Q0AAAAAA,NP8,1,0.704480519481,300,5.0358,1299.39584416
576,Sucralfate_Tab 1g,Sucralfate,03J,0103030S0AAAAAA,NP8,1,0.127142857143,360,3.73336111111,1298.23857143
577,Tramadol HCl_Tab 100mg M/R,Tramadol Hydrochloride,06P,040702040AAACAC,NP8,1,0.115666666667,1408,1.03595880682,1295.77133333
578,Nutrison Peptisorb_Liq,Enteral Nutrition,09E,090402000BBHPA0,NP8,1,0.01394,19072,0.0818624161074,1295.41632
579,Nutrison Peptisorb_Liq,Enteral Nutrition,08N,090402000BBHPA0,NP8,1,0.01394,19072,0.0818624161074,1295.41632
580,Fluticasone/Salmeterol_Inh 250/25mcg120D,Fluticasone Propionate (Inh),09N,0302000N0AABGBG,C,2,44.61,87,59.48,1293.69
581,Fluticasone/Salmeterol_Inh 250/25mcg120D,Fluticasone Propionate (Inh),07K,0302000N0AABGBG,C,3,44.61,88,59.3110227273,1293.69
582,Ensure Compact_Liq (3 Flav),Enteral Nutrition,05G,090402000BBVTA0,NP8,1,0.0116,191161,0.0183638399046,1292.9824
583,Budesonide/Formoterol Inh B/A 200/6(120D,Budesonide,06H,0302000K0AAAMAM,C,3,29.97,173,37.4430057803,1292.83
584,Tramadol HCl_Tab 100mg M/R,Tramadol Hydrochloride,11A,040702040AAACAC,NP8,2,0.115666666667,2152,0.715557620818,1290.96533333
585,Mepacrine HCl_Tab 100mg,Mepacrine Hydrochloride,13T,0504040M0AAAAAA,NP8,1,3.24066666667,100,16.1416,1290.09333333
586,Isosorbide Mononit_Tab 60mg M/R,Isosorbide Mononitrate,13P,0206010K0AAAEAE,C,9,0.124642857143,11166,0.240094931041,1289.13785714
587,Methocarbamol_Tab 750mg,Methocarbamol,10K,1002020S0AAABAB,A,2,0.126517857143,3558,0.487942664418,1285.94946429
588,"Colecal_Cap 1,000u",Colecalciferol,07P,0906040G0AABHBH,NP8,1,0.0385714285714,6610,0.232996974281,1285.15285714
589,Bisacodyl_Enema 10mg,Bisacodyl,04G,0106020C0AAAJAJ,NP8,1,0.294107142857,56,23.2,1282.73
590,Pot Chlor_Liq Spec 375mg/5ml,Potassium Chloride,03A,0902011U0AAARAR,NP8,1,0.1246,1000,1.4072,1282.6
591,Levothyrox/Liothyronine_Tab 35mcg/8mcg,Levothyroxine Sodium & Liothyronine,01A,0602010Z0AAAJAJ,NP8,1,0.289456,504,2.83357142857,1282.234176
592,Lamotrigine_Tab 100mg,Lamotrigine,99Q,0408010H0AAAAAA,M,2,0.0291071428571,1344,0.982075892857,1280.79
593,"Dalteparin Sod_Inj 25,000u/ml 0.6ml Pfs",Dalteparin Sodium,10D,0208010L0AAAHAH,NP8,2,8.46785714286,67,27.577761194,1280.36357143
594,Co-Codamol_Tab 30mg/500mg,Co-Codamol (Codeine Phos/Paracetamol),13P,0407010F0AAAHAH,M,4,0.0303036790251,137132,0.0396318875244,1279.19588793
595,Fluticasone/Salmeterol_Inh 250/25mcg120D,Fluticasone Propionate (Inh),00Q,0302000N0AABGBG,C,2,44.61,86,59.48,1278.82
596,Mexiletine HCl_Cap 200mg,Mexiletine Hydrochloride,04V,0203020P0AAABAB,NP8,1,1.28803571429,360,4.839,1278.34714286
597,Sucralfate_Tab 1g,Sucralfate,03T,0103030S0AAAAAA,NP8,1,0.127142857143,360,3.67783333333,1278.24857143
598,Influenza_Vac Inact 0.5ml Pfs,Influenza,09J,1404000H0AAAFAF,NP8,1,5.85,1726,6.59,1277.24
599,Co-Proxamol_Tab 32.5mg/325mg,Co-Proxamol (Dextroprop HCl/Paracet),01V,0407010Q0AAAAAA,NP8,1,0.704480519481,1500,1.55526666667,1276.17922078
600,Mexiletine HCl_Cap 100mg,Mexiletine Hydrochloride,08G,0203020P0AAAIAI,NP8,1,1.27,84,16.4352380952,1273.88
601,"Dalteparin Sod_Inj 25,000u/ml 0.72ml Pfs",Dalteparin Sodium,04C,0208010L0AAAIAI,NP8,1,10.1638777082,30,52.5806666667,1272.50366875
602,"Dalteparin Sod_Inj 25,000u/ml 0.72ml Pfs",Dalteparin Sodium,05L,0208010L0AAAIAI,NP8,1,10.1638777082,10,137.414,1272.50122292
603,"Dalteparin Sod_Inj 25,000u/ml 0.72ml Pfs",Dalteparin Sodium,07P,0208010L0AAAIAI,NP8,1,10.1638777082,10,137.41,1272.46122292
604,Venlafaxine_Cap 150mg M/R,Venlafaxine,02R,0403040W0AAAEAE,C,2,0.139287592231,1145,1.24933624454,1271.0057069
605,Pregabalin_Cap 75mg,Pregabalin,05P,0408010AEAAACAC,C,3,0.810894480519,3976,1.13056338028,1271.00354545
606,Venlafaxine_Cap 75mg M/R,Venlafaxine,02Y,0403040W0AAADAD,C,2,0.0928571428571,2317,0.641260250324,1270.65
607,Liothyronine Sod_Tab 5mcg,Liothyronine Sodium,09Y,0602010M0AAADAD,NP8,1,2.4624,150,10.922,1268.94
608,Budesonide/Formoterol Inh B/A 400/12(60D,Budesonide,01J,0302000K0AAAUAU,C,3,29.97,171,37.3895321637,1268.74
609,Galantamine_Oral Soln 20mg/5ml S/F,Galantamine,01M,0411000F0AAADAD,NP8,1,1.2,400,4.37,1268.0
610,Galantamine_Oral Soln 20mg/5ml S/F,Galantamine,02E,0411000F0AAADAD,NP8,1,1.2,400,4.37,1268.0
611,Galantamine_Oral Soln 20mg/5ml S/F,Galantamine,09G,0411000F0AAADAD,NP8,1,1.2,400,4.37,1268.0
612,Galantamine_Oral Soln 20mg/5ml S/F,Galantamine,00D,0411000F0AAADAD,NP8,1,1.2,400,4.37,1268.0
613,Galantamine_Oral Soln 20mg/5ml S/F,Galantamine,00Y,0411000F0AAADAD,NP8,1,1.2,400,4.37,1268.0
614,Galantamine_Oral Soln 20mg/5ml S/F,Galantamine,11N,0411000F0AAADAD,NP8,1,1.2,400,4.37,1268.0
615,Galantamine_Oral Soln 20mg/5ml S/F,Galantamine,06Q,0411000F0AAADAD,NP8,1,1.2,400,4.37,1268.0
616,Galantamine_Oral Soln 20mg/5ml S/F,Galantamine,05Y,0411000F0AAADAD,NP8,1,1.2,400,4.37,1268.0
617,Galantamine_Oral Soln 20mg/5ml S/F,Galantamine,00Q,0411000F0AAADAD,NP8,1,1.2,400,4.37,1268.0
618,Galantamine_Oral Soln 20mg/5ml S/F,Galantamine,11J,0411000F0AAADAD,NP8,1,1.2,400,4.37,1268.0
619,Liq Paraf 50%/Emulsif 50%_Oint,Other Emollient Preps,10X,130201000AACPCP,NP8,1,0.00944400000002,1500,0.852913333333,1265.204
620,Lamotrigine_Tab 200mg,Lamotrigine,01C,0408010H0AAA1A1,M,2,0.0430085352824,784,1.65577806122,1264.41130834
621,Fluticasone/Salmeterol_Inh 250/25mcg120D,Fluticasone Propionate (Inh),11N,0302000N0AABGBG,C,2,44.61,85,59.48,1263.95
622,Amlodipine_Tab 5mg,Amlodipine,99D,0206020A0AAAAAA,M,2,0.0260459657547,3612,0.375656146179,1262.79197169
623,Methocarbamol_Tab 750mg,Methocarbamol,02M,1002020S0AAABAB,A,1,0.126517857143,3316,0.507198431846,1262.33678571
624,Venlafaxine_Cap 150mg M/R,Venlafaxine,00Y,0403040W0AAAEAE,C,2,0.139287592231,1222,1.17211129296,1262.11056229
625,Calc Carb_Liq Spec 250mg/5ml,Calcium Carbonate,07M,0101021C0AACECE,NP8,1,0.319976190476,2000,0.9504,1260.84761905
626,Budesonide/Formoterol Inh B/A 200/6(120D,Budesonide,00J,0302000K0AAAMAM,NP8,2,29.97,160,37.8494375,1260.71
627,Budesonide/Formoterol Inh B/A 400/12(60D,Budesonide,00J,0302000K0AAAUAU,NP8,2,29.97,158,37.9491772152,1260.71
628,Influenza_Vac Inact 0.5ml Pfs,Influenza,02G,1404000H0AAAFAF,NP8,1,5.85,308,9.94,1259.72
629,Vit E_Cap 400u,Vitamin E,08Q,0906050P0AAAFAF,NP8,1,0.0593333333333,298,4.28332214765,1258.74866667
630,Co-Proxamol_Tab 32.5mg/325mg,Co-Proxamol (Dextroprop HCl/Paracet),04V,0407010Q0AAAAAA,NP8,1,0.704480519481,500,3.2186,1257.05974026
631,Atorvastatin_Tab 20mg,Atorvastatin,99C,0212000B0AAABAB,M,1,0.038903108879,7168,0.214058314732,1255.51251556
632,Jevity Plus_Liq,Enteral Nutrition,05W,090402000BBHMA0,NP8,1,0.01128,98608,0.0240053545351,1254.82176
633,Venlafaxine_Cap 150mg M/R,Venlafaxine,07Q,0403040W0AAAEAE,C,2,0.139287592231,1176,1.2043452381,1252.50779154
634,"Colecal_Oral Dps 2,000u/ml S/F",Colecalciferol,04C,0906040G0AABTBT,NP8,1,0.49,60,21.3515,1251.69
635,Methocarbamol_Tab 750mg,Methocarbamol,09P,1002020S0AAABAB,A,1,0.126517857143,3288,0.507195863747,1251.66928571
636,Venlafaxine_Cap 75mg M/R,Venlafaxine,13P,0403040W0AAADAD,C,4,0.0928571428571,4378,0.378645500228,1251.18142857
637,Tramadol HCl_Tab 200mg M/R,Tramadol Hydrochloride,02R,040702040AAAEAE,NP8,1,0.236491596639,1430,1.11128671329,1250.95701681
638,Influenza_Vac Inact 0.5ml Pfs,Influenza,07L,1404000H0AAAFAF,NP8,1,5.85,305,9.94,1247.45
639,Midazolam_Liq Spec 50mg/5ml,Midazolam Maleate,07Q,0408020V0AAALAL,NP8,1,16.68,45,44.374,1246.23
640,"Colecal_Tab 1,000u",Colecalciferol,08T,0906040G0AABGBG,C,3,0.00993720353841,3191,0.400097148229,1245.00038351
641,Budesonide/Formoterol Inh B/A 200/6(120D,Budesonide,10Q,0302000K0AAAMAM,C,2,29.97,155,38.0,1244.65
642,Ascorbic Acid_Liq Spec 500mg/5ml,Ascorbic Acid,99M,0906031C0AABGBG,NP8,1,1.4391,900,2.82093333333,1243.65
643,Mag Glycerophos_Tab 97.2mg,Magnesium Glycerophosphate,11N,0905013G0AAA2A2,NP8,1,0.764035714286,1000,2.0054,1241.36428571
644,Colecal_Cap 400u,Colecalciferol,06A,0906040G0AABIBI,NP8,1,0.111,716,1.84445530726,1241.154
645,Atrop Sulf_Oral Soln 500mcg/5ml,Atropine Sulfate,06Q,0102000ACAABBBB,NP8,1,1.059776,500,3.54192,1241.072
646,Influenza_Vac Inact 0.5ml Pfs,Influenza,00T,1404000H0AAAFAF,NP8,1,5.85,1677,6.59,1240.98
647,Diazoxide_Oral Susp 250mg/5ml,Diazoxide,05V,0601040E0AABHBH,NP8,1,1.50603888889,150,9.776,1240.49416667
648,Galantamine_Oral Soln 20mg/5ml S/F,Galantamine,07K,0411000F0AAADAD,NP8,1,1.2,600,3.26663333333,1239.98
649,Pregabalin_Cap 75mg,Pregabalin,10V,0408010AEAAACAC,C,2,0.810894480519,3654,1.15,1239.09156818
650,Oxybutynin HCl_Oral Soln 2.5mg/5ml,Oxybutynin,05J,0704020J0AAAIAI,NP8,1,0.0458666666667,1350,0.963333333333,1238.58
651,Oxybutynin HCl_Oral Soln 2.5mg/5ml,Oxybutynin,04Y,0704020J0AAAIAI,NP8,1,0.0458666666667,1350,0.963333333333,1238.58
652,Oxybutynin HCl_Oral Soln 2.5mg/5ml,Oxybutynin,11X,0704020J0AAAIAI,NP8,1,0.0458666666667,1350,0.963333333333,1238.58
653,Levetiracetam_Tab 500mg,Levetiracetam,00T,0408010A0AAABAB,M,2,0.0558098591549,2144,0.633316231343,1238.17366197
654,Clonazepam_Liq Spec 500mcg/5ml,Clonazepam,01D,0408010F0AABEBE,NP8,1,0.463333333333,850,1.91938823529,1237.64666667
655,Pregabalin_Cap 75mg,Pregabalin,11N,0408010AEAAACAC,C,2,0.810894480519,3640,1.15,1234.34409091
656,Melatonin_Cap 2mg,Melatonin,02H,0401010ADAAAEAE,NP8,1,0.709979041916,308,4.71006493506,1232.02645509
657,Colecal_Cap 400u,Colecalciferol,02N,0906040G0AABIBI,NP8,2,0.111,2465,0.610803245436,1232.015
658,Tricitrates_Soln,Other Urological Pain Preps,07Q,070403000AAAEAE,NP8,1,0.03702,2838,0.470401691332,1229.93724
659,Sod Bicarb_Cap 600mg,Sodium Bicarbonate,07T,0902013S0AAADAD,NP8,1,0.230666666667,1200,1.255,1229.2
660,Influenza_Vac Inact 0.5ml Pfs,Influenza,99N,1404000H0AAAFAF,NP8,1,5.85,1660,6.59,1228.4
661,Mag Glycerophos_Tab Chble 97.2mg S/F,Magnesium Glycerophosphate,02E,0905013G0AAAYAY,NP8,2,0.452777777778,252,5.31095238095,1224.26
662,Ivermectin_Tab 3mg,Ivermectin,04C,0505060I0AAACAC,NP8,1,20.4526052632,24,71.3945833333,1222.60747368
663,"Dalteparin Sod_Inj 25,000u/ml 0.3ml Pfs",Dalteparin Sodium,02H,0208010L0AAAKAK,NP8,1,4.23392857143,80,19.5,1221.28571429
664,Budesonide/Formoterol Inh B/A 200/6(120D,Budesonide,05T,0302000K0AAAMAM,C,3,29.97,162,37.5043209877,1220.56
665,Budesonide/Formoterol Inh B/A 400/12(60D,Budesonide,05P,0302000K0AAAUAU,C,2,29.97,152,38.0,1220.56
666,Flecainide Acet_Oral Soln 10mg/5ml,Flecainide Acetate,08L,0203020I0AABIBI,NP8,1,0.863485714286,1400,1.73530714286,1220.55
667,Oxycodone HCl_Tab 120mg M/R,Oxycodone Hydrochloride,01E,0407020ADAAAPAP,C,1,2.72339285714,448,5.44678571429,1220.08
668,Fluticasone/Salmeterol_Inh 250/25mcg120D,Fluticasone Propionate (Inh),06H,0302000N0AABGBG,C,3,44.61,83,59.3008433735,1219.34
669,Gabapentin_Cap 300mg,Gabapentin,99D,0408010G0AAABAB,M,2,0.0306861313869,3400,0.389302941176,1219.29715328
670,Tacrolimus_Liq Spec 2.5mg/5ml,Tacrolimus,09J,0802020T0AAAGAG,NP8,1,0.995539999999,600,3.02746666667,1219.156
671,Melatonin_Tab 3mg,Melatonin,09X,0401010ADAABPBP,NP8,2,0.749107142857,255,5.51356862745,1214.93767857
672,Lamotrigine_Tab 100mg,Lamotrigine,02X,0408010H0AAAAAA,M,2,0.0291071428571,1344,0.931919642857,1213.38
673,Ondansetron HCl_Inj 2mg/ml 4ml Amp,Ondansetron Hydrochloride,08M,0406000S0AAADAD,NP8,1,2.36,126,11.99,1213.38
674,Atorvastatin_Tab 20mg,Atorvastatin,07K,0212000B0AAABAB,M,2,0.038903108879,6796,0.217391112419,1213.00447206
675,Budesonide/Formoterol Inh B/A 400/12(60D,Budesonide,04C,0302000K0AAAUAU,C,3,29.97,180,36.7062777778,1212.53
676,Mag Carb_Heavy Cap 500mg,Magnesium Carbonate,99J,0101010F0AAAUAU,NP8,1,2.25584,224,7.66879464286,1212.50184
677,Macrogol_Co Liq NPF S/F,Macrogol 3350,08P,0106040M0AAAHAH,NP8,2,0.0103,12550,0.106901992032,1212.355
678,"Colecal_Tab 1,000u",Colecalciferol,07N,0906040G0AABGBG,C,1,0.00993720353841,1229,0.995834011391,1211.66717685
679,Omeprazole_Oral Soln 10mg/5ml,Omeprazole,03N,0103050P0AAAJAJ,NP8,1,0.273233333333,400,3.2996,1210.54666667
680,Linezolid_Tab 600mg,Linezolid,04J,0501070W0AAAAAA,NP8,1,22.886,56,44.5,1210.384
681,Linezolid_Tab 600mg,Linezolid,08N,0501070W0AAAAAA,NP8,1,22.886,56,44.5,1210.384
682,Venlafaxine_Cap 150mg M/R,Venlafaxine,13T,0403040W0AAAEAE,C,1,0.139287592231,2218,0.684395852119,1209.05012043
683,Venlafaxine_Cap 150mg M/R,Venlafaxine,10V,0403040W0AAAEAE,C,1,0.139287592231,1267,1.09311760063,1208.50262064
684,Co-Phenotrope_Tab 2.5mg/25mcg,Co-Phenotrope (Diphenox HCl/Atrop Sulph),04H,0104020H0AAAAAA,NP8,1,0.107321428571,900,1.45,1208.41071429
685,Lamotrigine_Tab 200mg,Lamotrigine,02Y,0408010H0AAA1A1,NP8,1,0.0430085352824,588,2.0955952381,1206.92098125
686,Pregabalin_Cap 75mg,Pregabalin,10R,0408010AEAAACAC,C,2,0.810894480519,3556,1.15,1205.85922727
687,Mag Glycerophos_Tab Chble 97.2mg S/F,Magnesium Glycerophosphate,09G,0905013G0AAAYAY,NP8,1,0.452777777778,224,5.83419642857,1205.43777778
688,Ondansetron HCl_Inj 2mg/ml 4ml Amp,Ondansetron Hydrochloride,06K,0406000S0AAADAD,NP8,1,2.36,125,11.99,1203.75
689,"Dalteparin Sod_Inj 25,000u/ml 0.2ml Pfs",Dalteparin Sodium,03L,0208010L0AAABAB,NP8,1,2.82285714286,56,24.2407142857,1199.4
690,Ethinylestr_Tab 2mcg,Ethinylestradiol,03Q,0604011D0AAALAL,NP8,1,2.0,300,5.9879,1196.37
691,Melatonin_Tab 3mg,Melatonin,07G,0401010ADAABPBP,NP8,2,0.749107142857,384,3.86393229167,1196.09285714
692,Mag Glycerophos_Tab 97.2mg,Magnesium Glycerophosphate,06F,0905013G0AAA2A2,NP8,1,0.764035714286,540,2.97666666667,1194.82071429
693,Venlafaxine_Cap 150mg M/R,Venlafaxine,05T,0403040W0AAAEAE,C,3,0.139287592231,2248,0.670693950178,1194.60149267
694,Co-Proxamol_Tab 32.5mg/325mg,Co-Proxamol (Dextroprop HCl/Paracet),11E,0407010Q0AAAAAA,NP8,1,0.704480519481,500,3.0908,1193.15974026
695,Zonisamide_Oral Soln 50mg/5ml,Zonisamide,06H,0408010ADAAADAD,NP8,1,0.2885,1200,1.28196666667,1192.16
696,Bisacodyl_Enema 10mg,Bisacodyl,09X,0106020C0AAAJAJ,NP8,2,0.294107142857,58,20.8368965517,1191.48178571
697,Methocarbamol_Tab 750mg,Methocarbamol,99M,1002020S0AAABAB,A,1,0.126517857143,3128,0.507193094629,1190.75214286
698,Diazepam_Liq Spec 10mg/5ml,Diazepam,99P,0401020K0AAA1A1,NP8,1,0.238075,2200,0.779190909091,1190.455
699,Fluticasone/Salmeterol_Inh 125/25mcg120D,Fluticasone Propionate (Inh),13T,0302000N0AABFBF,C,2,26.25,136,35.0,1190.0
700,Fluticasone/Salmeterol_Inh 250/25mcg120D,Fluticasone Propionate (Inh),09F,0302000N0AABGBG,C,2,44.61,80,59.48,1189.6
701,Fluticasone/Salmeterol_Inh 250/25mcg120D,Fluticasone Propionate (Inh),09P,0302000N0AABGBG,C,2,44.61,80,59.48,1189.6
702,Mercaptopurine_Tab 10mg,Mercaptopurine,08F,0801030L0AAABAB,NP8,1,2.33619047619,100,14.2204,1188.42095238
703,Magnesium Lactate_Tab 84mg M/R,Magnesium Lactate,99E,0905013P0AAAAAA,NP8,1,0.3551,500,2.7288,1186.85
704,Mag Glycerophos_Cap 48.6mg,Magnesium Glycerophosphate,06T,0905013G0AABMBM,NP8,1,1.48473,504,3.83884920635,1186.47608
705,Methocarbamol_Tab 750mg,Methocarbamol,05D,1002020S0AAABAB,A,1,0.126517857143,3116,0.507201540436,1186.21035714
706,Testosterone_Gel 2% (10mg per actuation),Testosterone,04R,0604020K0AABMBM,NP8,2,0.477833333333,540,2.66842592593,1182.92
707,Testosterone_Gel 2% (10mg per actuation),Testosterone,11X,0604020K0AABMBM,NP8,1,0.477833333333,240,5.40666666667,1182.92
708,Testosterone_Gel 2% (10mg per actuation),Testosterone,01M,0604020K0AABMBM,NP8,1,0.477833333333,240,5.40666666667,1182.92
709,Pregabalin_Cap 75mg,Pregabalin,08V,0408010AEAAACAC,C,2,0.810894480519,3486,1.15,1182.12184091
710,Tramadol HCl_Tab 100mg M/R,Tramadol Hydrochloride,02Q,040702040AAACAC,NP8,2,0.115666666667,2546,0.579878240377,1181.88266667
711,Nutrini Peptisorb_Liq,Enteral Nutrition,13P,090402000BBRJA0,NP8,1,0.02132,70608,0.0380455472468,1180.95744
712,Biotin_Tab 5mg,Other Vitamin B Preps,07W,090602800AAAGAG,NP8,1,1.13298741883,280,5.34921428571,1180.54352273
713,Mycophenolate Mofetil_Tab 500mg,Mycophenolate Mofetil,09G,0802010M0AAABAB,NP8,1,0.139593023256,784,1.64519132653,1180.38906977
714,"Colecal_Tab 1,000u",Colecalciferol,08Q,0906040G0AABGBG,C,2,0.00993720353841,2144,0.56026119403,1179.89463561
715,Amlodipine_Liq Spec 5mg/5ml,Amlodipine,99M,0206020A0AAACAC,NP8,1,0.431306666667,600,2.39666666667,1179.216
716,Venlafaxine_Cap 75mg M/R,Venlafaxine,11E,0403040W0AAADAD,C,2,0.0928571428571,1778,0.75570303712,1178.54
717,Venlafaxine_Cap 150mg M/R,Venlafaxine,06H,0403040W0AAAEAE,C,3,0.139287592231,2610,0.590586206897,1177.88938428
718,Venlafaxine_Cap 150mg M/R,Venlafaxine,01H,0403040W0AAAEAE,C,1,0.139287592231,1843,0.77827455236,1177.65296752
719,Levothyrox/Liothyronine_Tab 38mcg/9mcg,Levothyroxine Sodium & Liothyronine,09N,0602010Z0AAABAB,NP8,1,0.77768,200,6.6611,1176.684
720,Fluticasone/Salmeterol_Inh 250/25mcg120D,Fluticasone Propionate (Inh),13T,0302000N0AABGBG,C,2,44.61,79,59.48,1174.73
721,Fluticasone/Salmeterol_Inh 250/25mcg120D,Fluticasone Propionate (Inh),99M,0302000N0AABGBG,C,3,44.61,81,59.1128395062,1174.73
722,Oxybutynin HCl_Oral Soln 2.5mg/5ml,Oxybutynin,04D,0704020J0AAAIAI,NP8,1,0.0458666666667,400,2.97975,1173.55333333
723,Sucralfate_Susp 1g/5ml S/F,Sucralfate,04G,0103030S0AAABAB,NP8,1,0.02544,900,1.329,1173.204
724,Budesonide/Formoterol Inh B/A 200/6(120D,Budesonide,06K,0302000K0AAAMAM,C,3,29.97,179,36.5196089385,1172.38
725,Pramipexole_Tab 700mcg,Pramipexole,07K,0409010W0AAAAAA,M,2,0.0756547619048,500,2.41358,1168.96261905
726,Co-Proxamol_Tab 32.5mg/325mg,Co-Proxamol (Dextroprop HCl/Paracet),06P,0407010Q0AAAAAA,NP8,1,0.704480519481,500,3.0405,1168.00974026
727,Beclomet Diprop 0.0025%/WSP_Oint,Beclometasone Dipropionate,09H,1304000C0AACGCG,NP8,1,0.1626775,2000,0.7465,1167.645
728,Co-Proxamol_Tab 32.5mg/325mg,Co-Proxamol (Dextroprop HCl/Paracet),12A,0407010Q0AAAAAA,NP8,1,0.704480519481,900,2.0,1165.96753247
729,Influenza_Vac Inact 0.5ml Pfs,Influenza,99Q,1404000H0AAAFAF,NP8,1,5.85,1575,6.59,1165.5
730,Budesonide/Formoterol Inh B/A 400/12(60D,Budesonide,13P,0302000K0AAAUAU,NP8,2,29.97,150,37.7323333333,1164.35
731,Venlafaxine_Cap 150mg M/R,Venlafaxine,09G,0403040W0AAAEAE,C,2,0.139287592231,1755,0.802564102564,1164.05027563
732,Nutrini_Energy M/Fibre Liq Feed,Enteral Nutrition,08F,090402000BBMLA0,NP8,1,0.01765,18464,0.0805242634315,1160.9104
733,Ensure Compact_Liq (3 Flav),Enteral Nutrition,02P,090402000BBVTA0,NP8,1,0.0116,124000,0.0209548387097,1160.0
734,Fluticasone/Salmeterol_Inh 250/25mcg120D,Fluticasone Propionate (Inh),00T,0302000N0AABGBG,C,3,44.61,81,58.9292592593,1159.86
735,Fluticasone/Salmeterol_Inh 250/25mcg120D,Fluticasone Propionate (Inh),08N,0302000N0AABGBG,C,2,44.61,78,59.48,1159.86
736,Influenza_Vac Inact 0.5ml Pfs,Influenza,02D,1404000H0AAAFAF,NP8,1,5.85,1567,6.59,1159.58
737,PaediaSure Peptide_Liq,Enteral Nutrition,01D,090402000BBTGA0,NP8,1,0.0191,35536,0.0516659162539,1157.2624
738,Fluticasone/Salmeterol_Inh 125/25mcg120D,Fluticasone Propionate (Inh),03Q,0302000N0AABFBF,C,3,26.25,178,32.7387640449,1155.0
739,Fluticasone/Salmeterol_Inh 125/25mcg120D,Fluticasone Propionate (Inh),99P,0302000N0AABFBF,C,3,26.25,133,34.9342105263,1155.0
740,Pregabalin_Cap 75mg,Pregabalin,05H,0408010AEAAACAC,C,2,0.810894480519,3404,1.15,1154.31518831
741,Influenza_Vac Inact 0.5ml Pfs,Influenza,02V,1404000H0AAAFAF,NP8,2,5.85,282,9.92812056738,1150.03
742,Budesonide/Formoterol Inh B/A 200/6(120D,Budesonide,02Q,0302000K0AAAMAM,C,3,29.97,265,34.3031698113,1148.29
743,Budesonide/Formoterol Inh B/A 200/6(120D,Budesonide,07K,0302000K0AAAMAM,C,3,29.97,151,37.5745695364,1148.29
744,Colecal_Cap 400u,Colecalciferol,02P,0906040G0AABIBI,NP8,2,0.111,6545,0.286094728801,1145.995
745,Atorvastatin_Tab 40mg,Atorvastatin,12D,0212000B0AAACAC,M,2,0.0453571428571,5054,0.271943015433,1145.165
746,Fluticasone/Salmeterol_Inh 250/25mcg120D,Fluticasone Propionate (Inh),02R,0302000N0AABGBG,C,2,44.61,77,59.48,1144.99
747,Fluticasone/Salmeterol_Inh 250/25mcg120D,Fluticasone Propionate (Inh),05P,0302000N0AABGBG,C,2,44.61,77,59.48,1144.99
748,Methocarbamol_Tab 750mg,Methocarbamol,08A,1002020S0AAABAB,A,1,0.126517857143,3007,0.507199866977,1144.71080357
749,Sucralfate_Tab 1g,Sucralfate,07P,0103030S0AAAAAA,NP8,1,0.127142857143,168,6.92607142857,1142.22
750,Influenza_Vac Inact 0.5ml Pfs,Influenza,11H,1404000H0AAAFAF,NP8,1,5.85,1541,6.59,1140.34
751,"Dalteparin Sod_Inj 25,000u/ml 0.2ml Pfs",Dalteparin Sodium,09G,0208010L0AAABAB,NP8,1,2.82285714286,32,38.3809375,1137.85857143
752,"Colecal_Tab 1,000u",Colecalciferol,02X,0906040G0AABGBG,C,2,0.00993720353841,1600,0.72053125,1136.95047434
753,Influenza_Vac Inact 0.5ml Pfs,Influenza,07K,1404000H0AAAFAF,NP8,2,5.85,1538,6.58910923277,1136.75
754,Pregabalin_Cap 75mg,Pregabalin,04Y,0408010AEAAACAC,C,3,0.810894480519,3492,1.13616838488,1135.85647403
755,Mexiletine HCl_Cap 100mg,Mexiletine Hydrochloride,03C,0203020P0AAAIAI,NP8,1,1.27,448,3.79888392857,1132.94
756,Budesonide/Formoterol Inh B/A 200/6(120D,Budesonide,11A,0302000K0AAAMAM,C,2,29.97,141,38.0,1132.23
757,Ramipril_Liq Spec 5mg/5ml,Ramipril,03N,0205051R0AAAEAE,NP8,1,0.546666666666,400,3.3764,1131.89333333
758,Co-Proxamol_Tab 32.5mg/325mg,Co-Proxamol (Dextroprop HCl/Paracet),06K,0407010Q0AAAAAA,NP8,1,0.704480519481,448,3.23100446429,1131.88272727
759,Tramadol HCl_Tab 100mg M/R,Tramadol Hydrochloride,04X,040702040AAACAC,NP8,1,0.115666666667,2542,0.560271439811,1130.18533333
760,Fluticasone/Salmeterol_Inh 250/25mcg120D,Fluticasone Propionate (Inh),07R,0302000N0AABGBG,C,2,44.61,76,59.48,1130.12
761,Chlorpromazine HCl_Liq Spec 100mg/5ml,Chlorpromazine Hydrochloride,13T,0402010D0AAA2A2,NP8,1,0.0366619642857,700,1.65054285714,1129.716625
762,Sod Bicarb_Oral Soln 420mg/5ml S/F,Sodium Bicarbonate,99D,0101012B0AAABAB,C,1,0.1771,5100,0.398352941176,1128.39
763,Biotin_Tab 5mg,Other Vitamin B Preps,05L,090602800AAAGAG,NP8,1,1.13298741883,240,5.82366666667,1125.76301948
764,Venlafaxine_Cap 150mg M/R,Venlafaxine,09E,0403040W0AAAEAE,C,1,0.139287592231,1953,0.715002560164,1124.37133237
765,Budesonide/Formoterol Inh B/A 200/6(120D,Budesonide,00L,0302000K0AAAMAM,C,3,29.97,176,36.3575,1124.2
766,Budesonide/Formoterol Inh B/A 200/6(120D,Budesonide,10D,0302000K0AAAMAM,C,2,29.97,140,38.0,1124.2
767,Budesonide/Formoterol Inh B/A 200/6(120D,Budesonide,03F,0302000K0AAAMAM,C,3,29.97,150,37.4646666667,1124.2
768,Budesonide/Formoterol Inh B/A 200/6(120D,Budesonide,00N,0302000K0AAAMAM,C,3,29.97,142,37.8869014085,1124.2
769,Bisacodyl_Enema 10mg,Bisacodyl,08G,0106020C0AAAJAJ,NP8,1,0.294107142857,30,37.76,1123.97678571
770,Metformin HCl_Tab 500mg M/R,Metformin Hydrochloride,13P,0601022B0AAASAS,C,3,0.0617857142857,33784,0.0950485436893,1123.75142857
771,"Dalteparin Sod_Inj 25,000u/ml 0.2ml Pfs",Dalteparin Sodium,02G,0208010L0AAABAB,NP8,2,2.82285714286,14,83.0664285714,1123.41
772,Influenza_Vac Inact 0.5ml Pfs,Influenza,04G,1404000H0AAAFAF,NP8,2,5.85,531,7.96532956685,1123.24
773,Atorvastatin_Tab 10mg,Atorvastatin,06W,0212000B0AAAAAA,M,2,0.0328571428571,9506,0.150897328003,1122.09
774,Influenza_Vac Inact 0.5ml Pfs,Influenza,99J,1404000H0AAAFAF,NP8,1,5.85,1512,6.59,1118.88
775,PaediaSure Peptide_Liq,Enteral Nutrition,09W,090402000BBTGA0,NP8,1,0.0191,5536,0.221098265896,1118.2624
776,PaediaSure Peptide_Liq,Enteral Nutrition,10H,090402000BBTGA0,NP8,1,0.0191,5536,0.221098265896,1118.2624
